﻿<?xml version="1.0" encoding="utf-8"?>
<abapGit version="v1.0.0" serializer="LCL_OBJECT_CLAS" serializer_version="v1.0.0">
 <asx:abap xmlns:asx="http://www.sap.com/abapxml" version="1.0">
  <asx:values>
   <VSEOCLASS>
    <CLSNAME>ZCL_IBMC_VISUAL_RECOGNITION_V3</CLSNAME>
    <LANGU>E</LANGU>
    <DESCRIPT>Visual Recognition</DESCRIPT>
    <STATE>1</STATE>
    <CLSCCINCL>X</CLSCCINCL>
    <FIXPT>X</FIXPT>
    <UNICODE>X</UNICODE>
   </VSEOCLASS>
   <DESCRIPTIONS>
    <SEOCOMPOTX>
     <CLSNAME>ZCL_IBMC_VISUAL_RECOGNITION_V3</CLSNAME>
     <CMPNAME>CLASSIFY</CMPNAME>
     <LANGU>E</LANGU>
     <DESCRIPT>Classify images</DESCRIPT>
    </SEOCOMPOTX>
    <SEOCOMPOTX>
     <CLSNAME>ZCL_IBMC_VISUAL_RECOGNITION_V3</CLSNAME>
     <CMPNAME>CREATE_CLASSIFIER</CMPNAME>
     <LANGU>E</LANGU>
     <DESCRIPT>Create a classifier</DESCRIPT>
    </SEOCOMPOTX>
    <SEOCOMPOTX>
     <CLSNAME>ZCL_IBMC_VISUAL_RECOGNITION_V3</CLSNAME>
     <CMPNAME>DELETE_CLASSIFIER</CMPNAME>
     <LANGU>E</LANGU>
     <DESCRIPT>Delete a classifier</DESCRIPT>
    </SEOCOMPOTX>
    <SEOCOMPOTX>
     <CLSNAME>ZCL_IBMC_VISUAL_RECOGNITION_V3</CLSNAME>
     <CMPNAME>DELETE_USER_DATA</CMPNAME>
     <LANGU>E</LANGU>
     <DESCRIPT>Delete labeled data</DESCRIPT>
    </SEOCOMPOTX>
    <SEOCOMPOTX>
     <CLSNAME>ZCL_IBMC_VISUAL_RECOGNITION_V3</CLSNAME>
     <CMPNAME>GET_CLASSIFIER</CMPNAME>
     <LANGU>E</LANGU>
     <DESCRIPT>Retrieve classifier details</DESCRIPT>
    </SEOCOMPOTX>
    <SEOCOMPOTX>
     <CLSNAME>ZCL_IBMC_VISUAL_RECOGNITION_V3</CLSNAME>
     <CMPNAME>GET_CORE_ML_MODEL</CMPNAME>
     <LANGU>E</LANGU>
     <DESCRIPT>Retrieve a Core ML model of a classifier</DESCRIPT>
    </SEOCOMPOTX>
    <SEOCOMPOTX>
     <CLSNAME>ZCL_IBMC_VISUAL_RECOGNITION_V3</CLSNAME>
     <CMPNAME>LIST_CLASSIFIERS</CMPNAME>
     <LANGU>E</LANGU>
     <DESCRIPT>Retrieve a list of classifiers</DESCRIPT>
    </SEOCOMPOTX>
    <SEOCOMPOTX>
     <CLSNAME>ZCL_IBMC_VISUAL_RECOGNITION_V3</CLSNAME>
     <CMPNAME>UPDATE_CLASSIFIER</CMPNAME>
     <LANGU>E</LANGU>
     <DESCRIPT>Update a classifier</DESCRIPT>
    </SEOCOMPOTX>
   </DESCRIPTIONS>
  </asx:values>
 </asx:abap>
</abapGit>
