﻿<?xml version="1.0" encoding="utf-8"?>
<abapGit version="v1.0.0" serializer="LCL_OBJECT_CLAS" serializer_version="v1.0.0">
 <asx:abap xmlns:asx="http://www.sap.com/abapxml" version="1.0">
  <asx:values>
   <VSEOCLASS>
    <CLSNAME>ZCL_IBMC_LANG_TRANSLATOR_V3</CLSNAME>
    <LANGU>E</LANGU>
    <DESCRIPT>Language Translator</DESCRIPT>
    <STATE>1</STATE>
    <CLSCCINCL>X</CLSCCINCL>
    <FIXPT>X</FIXPT>
    <UNICODE>X</UNICODE>
   </VSEOCLASS>
   <DESCRIPTIONS>
    <SEOCOMPOTX>
     <CLSNAME>ZCL_IBMC_LANG_TRANSLATOR_V3</CLSNAME>
     <CMPNAME>CREATE_MODEL</CMPNAME>
     <LANGU>E</LANGU>
     <DESCRIPT>Create model</DESCRIPT>
    </SEOCOMPOTX>
    <SEOCOMPOTX>
     <CLSNAME>ZCL_IBMC_LANG_TRANSLATOR_V3</CLSNAME>
     <CMPNAME>DELETE_DOCUMENT</CMPNAME>
     <LANGU>E</LANGU>
     <DESCRIPT>Delete document</DESCRIPT>
    </SEOCOMPOTX>
    <SEOCOMPOTX>
     <CLSNAME>ZCL_IBMC_LANG_TRANSLATOR_V3</CLSNAME>
     <CMPNAME>DELETE_MODEL</CMPNAME>
     <LANGU>E</LANGU>
     <DESCRIPT>Delete model</DESCRIPT>
    </SEOCOMPOTX>
    <SEOCOMPOTX>
     <CLSNAME>ZCL_IBMC_LANG_TRANSLATOR_V3</CLSNAME>
     <CMPNAME>GET_DOCUMENT_STATUS</CMPNAME>
     <LANGU>E</LANGU>
     <DESCRIPT>Get document status</DESCRIPT>
    </SEOCOMPOTX>
    <SEOCOMPOTX>
     <CLSNAME>ZCL_IBMC_LANG_TRANSLATOR_V3</CLSNAME>
     <CMPNAME>GET_MODEL</CMPNAME>
     <LANGU>E</LANGU>
     <DESCRIPT>Get model details</DESCRIPT>
    </SEOCOMPOTX>
    <SEOCOMPOTX>
     <CLSNAME>ZCL_IBMC_LANG_TRANSLATOR_V3</CLSNAME>
     <CMPNAME>GET_TRANSLATED_DOCUMENT</CMPNAME>
     <LANGU>E</LANGU>
     <DESCRIPT>Get translated document</DESCRIPT>
    </SEOCOMPOTX>
    <SEOCOMPOTX>
     <CLSNAME>ZCL_IBMC_LANG_TRANSLATOR_V3</CLSNAME>
     <CMPNAME>IDENTIFY</CMPNAME>
     <LANGU>E</LANGU>
     <DESCRIPT>Identify language</DESCRIPT>
    </SEOCOMPOTX>
    <SEOCOMPOTX>
     <CLSNAME>ZCL_IBMC_LANG_TRANSLATOR_V3</CLSNAME>
     <CMPNAME>LIST_DOCUMENTS</CMPNAME>
     <LANGU>E</LANGU>
     <DESCRIPT>List documents</DESCRIPT>
    </SEOCOMPOTX>
    <SEOCOMPOTX>
     <CLSNAME>ZCL_IBMC_LANG_TRANSLATOR_V3</CLSNAME>
     <CMPNAME>LIST_IDENTIFIABLE_LANGUAGES</CMPNAME>
     <LANGU>E</LANGU>
     <DESCRIPT>List identifiable languages</DESCRIPT>
    </SEOCOMPOTX>
    <SEOCOMPOTX>
     <CLSNAME>ZCL_IBMC_LANG_TRANSLATOR_V3</CLSNAME>
     <CMPNAME>LIST_MODELS</CMPNAME>
     <LANGU>E</LANGU>
     <DESCRIPT>List models</DESCRIPT>
    </SEOCOMPOTX>
    <SEOCOMPOTX>
     <CLSNAME>ZCL_IBMC_LANG_TRANSLATOR_V3</CLSNAME>
     <CMPNAME>TRANSLATE</CMPNAME>
     <LANGU>E</LANGU>
     <DESCRIPT>Translate</DESCRIPT>
    </SEOCOMPOTX>
    <SEOCOMPOTX>
     <CLSNAME>ZCL_IBMC_LANG_TRANSLATOR_V3</CLSNAME>
     <CMPNAME>TRANSLATE_DOCUMENT</CMPNAME>
     <LANGU>E</LANGU>
     <DESCRIPT>Translate document</DESCRIPT>
    </SEOCOMPOTX>
   </DESCRIPTIONS>
  </asx:values>
 </asx:abap>
</abapGit>
