﻿<?xml version="1.0" encoding="utf-8"?>
<abapGit version="v1.0.0" serializer="LCL_OBJECT_CLAS" serializer_version="v1.0.0">
 <asx:abap xmlns:asx="http://www.sap.com/abapxml" version="1.0">
  <asx:values>
   <VSEOCLASS>
    <CLSNAME>ZCL_IBMC_ASSISTANT_V2</CLSNAME>
    <LANGU>E</LANGU>
    <DESCRIPT>Watson Assistant v2</DESCRIPT>
    <STATE>1</STATE>
    <CLSCCINCL>X</CLSCCINCL>
    <FIXPT>X</FIXPT>
    <UNICODE>X</UNICODE>
   </VSEOCLASS>
   <DESCRIPTIONS>
    <SEOCOMPOTX>
     <CLSNAME>ZCL_IBMC_ASSISTANT_V2</CLSNAME>
     <CMPNAME>CREATE_SESSION</CMPNAME>
     <LANGU>E</LANGU>
     <DESCRIPT>Create a session</DESCRIPT>
    </SEOCOMPOTX>
    <SEOCOMPOTX>
     <CLSNAME>ZCL_IBMC_ASSISTANT_V2</CLSNAME>
     <CMPNAME>DELETE_SESSION</CMPNAME>
     <LANGU>E</LANGU>
     <DESCRIPT>Delete session</DESCRIPT>
    </SEOCOMPOTX>
    <SEOCOMPOTX>
     <CLSNAME>ZCL_IBMC_ASSISTANT_V2</CLSNAME>
     <CMPNAME>MESSAGE</CMPNAME>
     <LANGU>E</LANGU>
     <DESCRIPT>Send user input to assistant</DESCRIPT>
    </SEOCOMPOTX>
   </DESCRIPTIONS>
  </asx:values>
 </asx:abap>
</abapGit>
