﻿<?xml version="1.0" encoding="utf-8"?>
<abapGit version="v1.0.0" serializer="LCL_OBJECT_CLAS" serializer_version="v1.0.0">
 <asx:abap xmlns:asx="http://www.sap.com/abapxml" version="1.0">
  <asx:values>
   <VSEOCLASS>
    <CLSNAME>ZCL_IBMC_VISUAL_RECOGNITION_V4</CLSNAME>
    <LANGU>E</LANGU>
    <DESCRIPT>Visual Recognition v4</DESCRIPT>
    <STATE>1</STATE>
    <CLSCCINCL>X</CLSCCINCL>
    <FIXPT>X</FIXPT>
    <UNICODE>X</UNICODE>
   </VSEOCLASS>
   <DESCRIPTIONS>
    <SEOCOMPOTX>
     <CLSNAME>ZCL_IBMC_VISUAL_RECOGNITION_V4</CLSNAME>
     <CMPNAME>ADD_IMAGES</CMPNAME>
     <LANGU>E</LANGU>
     <DESCRIPT>Add images</DESCRIPT>
    </SEOCOMPOTX>
    <SEOCOMPOTX>
     <CLSNAME>ZCL_IBMC_VISUAL_RECOGNITION_V4</CLSNAME>
     <CMPNAME>ADD_IMAGE_TRAINING_DATA</CMPNAME>
     <LANGU>E</LANGU>
     <DESCRIPT>Add training data to an image</DESCRIPT>
    </SEOCOMPOTX>
    <SEOCOMPOTX>
     <CLSNAME>ZCL_IBMC_VISUAL_RECOGNITION_V4</CLSNAME>
     <CMPNAME>ANALYZE</CMPNAME>
     <LANGU>E</LANGU>
     <DESCRIPT>Analyze images</DESCRIPT>
    </SEOCOMPOTX>
    <SEOCOMPOTX>
     <CLSNAME>ZCL_IBMC_VISUAL_RECOGNITION_V4</CLSNAME>
     <CMPNAME>CREATE_COLLECTION</CMPNAME>
     <LANGU>E</LANGU>
     <DESCRIPT>Create a collection</DESCRIPT>
    </SEOCOMPOTX>
    <SEOCOMPOTX>
     <CLSNAME>ZCL_IBMC_VISUAL_RECOGNITION_V4</CLSNAME>
     <CMPNAME>DELETE_COLLECTION</CMPNAME>
     <LANGU>E</LANGU>
     <DESCRIPT>Delete a collection</DESCRIPT>
    </SEOCOMPOTX>
    <SEOCOMPOTX>
     <CLSNAME>ZCL_IBMC_VISUAL_RECOGNITION_V4</CLSNAME>
     <CMPNAME>DELETE_IMAGE</CMPNAME>
     <LANGU>E</LANGU>
     <DESCRIPT>Delete an image</DESCRIPT>
    </SEOCOMPOTX>
    <SEOCOMPOTX>
     <CLSNAME>ZCL_IBMC_VISUAL_RECOGNITION_V4</CLSNAME>
     <CMPNAME>DELETE_OBJECT</CMPNAME>
     <LANGU>E</LANGU>
     <DESCRIPT>Delete an object</DESCRIPT>
    </SEOCOMPOTX>
    <SEOCOMPOTX>
     <CLSNAME>ZCL_IBMC_VISUAL_RECOGNITION_V4</CLSNAME>
     <CMPNAME>DELETE_USER_DATA</CMPNAME>
     <LANGU>E</LANGU>
     <DESCRIPT>Delete labeled data</DESCRIPT>
    </SEOCOMPOTX>
    <SEOCOMPOTX>
     <CLSNAME>ZCL_IBMC_VISUAL_RECOGNITION_V4</CLSNAME>
     <CMPNAME>GET_COLLECTION</CMPNAME>
     <LANGU>E</LANGU>
     <DESCRIPT>Get collection details</DESCRIPT>
    </SEOCOMPOTX>
    <SEOCOMPOTX>
     <CLSNAME>ZCL_IBMC_VISUAL_RECOGNITION_V4</CLSNAME>
     <CMPNAME>GET_IMAGE_DETAILS</CMPNAME>
     <LANGU>E</LANGU>
     <DESCRIPT>Get image details</DESCRIPT>
    </SEOCOMPOTX>
    <SEOCOMPOTX>
     <CLSNAME>ZCL_IBMC_VISUAL_RECOGNITION_V4</CLSNAME>
     <CMPNAME>GET_JPEG_IMAGE</CMPNAME>
     <LANGU>E</LANGU>
     <DESCRIPT>Get a JPEG file of an image</DESCRIPT>
    </SEOCOMPOTX>
    <SEOCOMPOTX>
     <CLSNAME>ZCL_IBMC_VISUAL_RECOGNITION_V4</CLSNAME>
     <CMPNAME>GET_OBJECT_METADATA</CMPNAME>
     <LANGU>E</LANGU>
     <DESCRIPT>Get object metadata</DESCRIPT>
    </SEOCOMPOTX>
    <SEOCOMPOTX>
     <CLSNAME>ZCL_IBMC_VISUAL_RECOGNITION_V4</CLSNAME>
     <CMPNAME>GET_TRAINING_USAGE</CMPNAME>
     <LANGU>E</LANGU>
     <DESCRIPT>Get training usage</DESCRIPT>
    </SEOCOMPOTX>
    <SEOCOMPOTX>
     <CLSNAME>ZCL_IBMC_VISUAL_RECOGNITION_V4</CLSNAME>
     <CMPNAME>LIST_COLLECTIONS</CMPNAME>
     <LANGU>E</LANGU>
     <DESCRIPT>List collections</DESCRIPT>
    </SEOCOMPOTX>
    <SEOCOMPOTX>
     <CLSNAME>ZCL_IBMC_VISUAL_RECOGNITION_V4</CLSNAME>
     <CMPNAME>LIST_IMAGES</CMPNAME>
     <LANGU>E</LANGU>
     <DESCRIPT>List images</DESCRIPT>
    </SEOCOMPOTX>
    <SEOCOMPOTX>
     <CLSNAME>ZCL_IBMC_VISUAL_RECOGNITION_V4</CLSNAME>
     <CMPNAME>LIST_OBJECT_METADATA</CMPNAME>
     <LANGU>E</LANGU>
     <DESCRIPT>List object metadata</DESCRIPT>
    </SEOCOMPOTX>
    <SEOCOMPOTX>
     <CLSNAME>ZCL_IBMC_VISUAL_RECOGNITION_V4</CLSNAME>
     <CMPNAME>TRAIN</CMPNAME>
     <LANGU>E</LANGU>
     <DESCRIPT>Train a collection</DESCRIPT>
    </SEOCOMPOTX>
    <SEOCOMPOTX>
     <CLSNAME>ZCL_IBMC_VISUAL_RECOGNITION_V4</CLSNAME>
     <CMPNAME>UPDATE_COLLECTION</CMPNAME>
     <LANGU>E</LANGU>
     <DESCRIPT>Update a collection</DESCRIPT>
    </SEOCOMPOTX>
    <SEOCOMPOTX>
     <CLSNAME>ZCL_IBMC_VISUAL_RECOGNITION_V4</CLSNAME>
     <CMPNAME>UPDATE_OBJECT_METADATA</CMPNAME>
     <LANGU>E</LANGU>
     <DESCRIPT>Update an object name</DESCRIPT>
    </SEOCOMPOTX>
   </DESCRIPTIONS>
  </asx:values>
 </asx:abap>
</abapGit>
