﻿<?xml version="1.0" encoding="utf-8"?>
<abapGit version="v1.0.0" serializer="LCL_OBJECT_CLAS" serializer_version="v1.0.0">
 <asx:abap xmlns:asx="http://www.sap.com/abapxml" version="1.0">
  <asx:values>
   <VSEOCLASS>
    <CLSNAME>ZCL_IBMC_DISCOVERY_V1</CLSNAME>
    <LANGU>E</LANGU>
    <DESCRIPT>Discovery</DESCRIPT>
    <STATE>1</STATE>
    <CLSCCINCL>X</CLSCCINCL>
    <FIXPT>X</FIXPT>
    <UNICODE>X</UNICODE>
   </VSEOCLASS>
   <DESCRIPTIONS>
    <SEOCOMPOTX>
     <CLSNAME>ZCL_IBMC_DISCOVERY_V1</CLSNAME>
     <CMPNAME>ADD_DOCUMENT</CMPNAME>
     <LANGU>E</LANGU>
     <DESCRIPT>Add a document</DESCRIPT>
    </SEOCOMPOTX>
    <SEOCOMPOTX>
     <CLSNAME>ZCL_IBMC_DISCOVERY_V1</CLSNAME>
     <CMPNAME>ADD_TRAINING_DATA</CMPNAME>
     <LANGU>E</LANGU>
     <DESCRIPT>Add query to training data</DESCRIPT>
    </SEOCOMPOTX>
    <SEOCOMPOTX>
     <CLSNAME>ZCL_IBMC_DISCOVERY_V1</CLSNAME>
     <CMPNAME>CREATE_COLLECTION</CMPNAME>
     <LANGU>E</LANGU>
     <DESCRIPT>Create a collection</DESCRIPT>
    </SEOCOMPOTX>
    <SEOCOMPOTX>
     <CLSNAME>ZCL_IBMC_DISCOVERY_V1</CLSNAME>
     <CMPNAME>CREATE_CONFIGURATION</CMPNAME>
     <LANGU>E</LANGU>
     <DESCRIPT>Add configuration</DESCRIPT>
    </SEOCOMPOTX>
    <SEOCOMPOTX>
     <CLSNAME>ZCL_IBMC_DISCOVERY_V1</CLSNAME>
     <CMPNAME>CREATE_CREDENTIALS</CMPNAME>
     <LANGU>E</LANGU>
     <DESCRIPT>Create credentials</DESCRIPT>
    </SEOCOMPOTX>
    <SEOCOMPOTX>
     <CLSNAME>ZCL_IBMC_DISCOVERY_V1</CLSNAME>
     <CMPNAME>CREATE_ENVIRONMENT</CMPNAME>
     <LANGU>E</LANGU>
     <DESCRIPT>Create an environment</DESCRIPT>
    </SEOCOMPOTX>
    <SEOCOMPOTX>
     <CLSNAME>ZCL_IBMC_DISCOVERY_V1</CLSNAME>
     <CMPNAME>CREATE_EVENT</CMPNAME>
     <LANGU>E</LANGU>
     <DESCRIPT>Create event</DESCRIPT>
    </SEOCOMPOTX>
    <SEOCOMPOTX>
     <CLSNAME>ZCL_IBMC_DISCOVERY_V1</CLSNAME>
     <CMPNAME>CREATE_EXPANSIONS</CMPNAME>
     <LANGU>E</LANGU>
     <DESCRIPT>Create or update expansion list</DESCRIPT>
    </SEOCOMPOTX>
    <SEOCOMPOTX>
     <CLSNAME>ZCL_IBMC_DISCOVERY_V1</CLSNAME>
     <CMPNAME>CREATE_GATEWAY</CMPNAME>
     <LANGU>E</LANGU>
     <DESCRIPT>Create Gateway</DESCRIPT>
    </SEOCOMPOTX>
    <SEOCOMPOTX>
     <CLSNAME>ZCL_IBMC_DISCOVERY_V1</CLSNAME>
     <CMPNAME>CREATE_STOPWORD_LIST</CMPNAME>
     <LANGU>E</LANGU>
     <DESCRIPT>Create stopword list</DESCRIPT>
    </SEOCOMPOTX>
    <SEOCOMPOTX>
     <CLSNAME>ZCL_IBMC_DISCOVERY_V1</CLSNAME>
     <CMPNAME>CREATE_TOKENIZATION_DICTIONARY</CMPNAME>
     <LANGU>E</LANGU>
     <DESCRIPT>Create tokenization dictionary</DESCRIPT>
    </SEOCOMPOTX>
    <SEOCOMPOTX>
     <CLSNAME>ZCL_IBMC_DISCOVERY_V1</CLSNAME>
     <CMPNAME>CREATE_TRAINING_EXAMPLE</CMPNAME>
     <LANGU>E</LANGU>
     <DESCRIPT>Add example to training data query</DESCRIPT>
    </SEOCOMPOTX>
    <SEOCOMPOTX>
     <CLSNAME>ZCL_IBMC_DISCOVERY_V1</CLSNAME>
     <CMPNAME>DELETE_ALL_TRAINING_DATA</CMPNAME>
     <LANGU>E</LANGU>
     <DESCRIPT>Delete all training data</DESCRIPT>
    </SEOCOMPOTX>
    <SEOCOMPOTX>
     <CLSNAME>ZCL_IBMC_DISCOVERY_V1</CLSNAME>
     <CMPNAME>DELETE_COLLECTION</CMPNAME>
     <LANGU>E</LANGU>
     <DESCRIPT>Delete a collection</DESCRIPT>
    </SEOCOMPOTX>
    <SEOCOMPOTX>
     <CLSNAME>ZCL_IBMC_DISCOVERY_V1</CLSNAME>
     <CMPNAME>DELETE_CONFIGURATION</CMPNAME>
     <LANGU>E</LANGU>
     <DESCRIPT>Delete a configuration</DESCRIPT>
    </SEOCOMPOTX>
    <SEOCOMPOTX>
     <CLSNAME>ZCL_IBMC_DISCOVERY_V1</CLSNAME>
     <CMPNAME>DELETE_CREDENTIALS</CMPNAME>
     <LANGU>E</LANGU>
     <DESCRIPT>Delete credentials</DESCRIPT>
    </SEOCOMPOTX>
    <SEOCOMPOTX>
     <CLSNAME>ZCL_IBMC_DISCOVERY_V1</CLSNAME>
     <CMPNAME>DELETE_DOCUMENT</CMPNAME>
     <LANGU>E</LANGU>
     <DESCRIPT>Delete a document</DESCRIPT>
    </SEOCOMPOTX>
    <SEOCOMPOTX>
     <CLSNAME>ZCL_IBMC_DISCOVERY_V1</CLSNAME>
     <CMPNAME>DELETE_ENVIRONMENT</CMPNAME>
     <LANGU>E</LANGU>
     <DESCRIPT>Delete environment</DESCRIPT>
    </SEOCOMPOTX>
    <SEOCOMPOTX>
     <CLSNAME>ZCL_IBMC_DISCOVERY_V1</CLSNAME>
     <CMPNAME>DELETE_EXPANSIONS</CMPNAME>
     <LANGU>E</LANGU>
     <DESCRIPT>Delete the expansion list</DESCRIPT>
    </SEOCOMPOTX>
    <SEOCOMPOTX>
     <CLSNAME>ZCL_IBMC_DISCOVERY_V1</CLSNAME>
     <CMPNAME>DELETE_GATEWAY</CMPNAME>
     <LANGU>E</LANGU>
     <DESCRIPT>Delete Gateway</DESCRIPT>
    </SEOCOMPOTX>
    <SEOCOMPOTX>
     <CLSNAME>ZCL_IBMC_DISCOVERY_V1</CLSNAME>
     <CMPNAME>DELETE_STOPWORD_LIST</CMPNAME>
     <LANGU>E</LANGU>
     <DESCRIPT>Delete a custom stopword list</DESCRIPT>
    </SEOCOMPOTX>
    <SEOCOMPOTX>
     <CLSNAME>ZCL_IBMC_DISCOVERY_V1</CLSNAME>
     <CMPNAME>DELETE_TOKENIZATION_DICTIONARY</CMPNAME>
     <LANGU>E</LANGU>
     <DESCRIPT>Delete tokenization dictionary</DESCRIPT>
    </SEOCOMPOTX>
    <SEOCOMPOTX>
     <CLSNAME>ZCL_IBMC_DISCOVERY_V1</CLSNAME>
     <CMPNAME>DELETE_TRAINING_DATA</CMPNAME>
     <LANGU>E</LANGU>
     <DESCRIPT>Delete a training data query</DESCRIPT>
    </SEOCOMPOTX>
    <SEOCOMPOTX>
     <CLSNAME>ZCL_IBMC_DISCOVERY_V1</CLSNAME>
     <CMPNAME>DELETE_TRAINING_EXAMPLE</CMPNAME>
     <LANGU>E</LANGU>
     <DESCRIPT>Delete example for training data query</DESCRIPT>
    </SEOCOMPOTX>
    <SEOCOMPOTX>
     <CLSNAME>ZCL_IBMC_DISCOVERY_V1</CLSNAME>
     <CMPNAME>DELETE_USER_DATA</CMPNAME>
     <LANGU>E</LANGU>
     <DESCRIPT>Delete labeled data</DESCRIPT>
    </SEOCOMPOTX>
    <SEOCOMPOTX>
     <CLSNAME>ZCL_IBMC_DISCOVERY_V1</CLSNAME>
     <CMPNAME>FEDERATED_QUERY</CMPNAME>
     <LANGU>E</LANGU>
     <DESCRIPT>Query multiple collections</DESCRIPT>
    </SEOCOMPOTX>
    <SEOCOMPOTX>
     <CLSNAME>ZCL_IBMC_DISCOVERY_V1</CLSNAME>
     <CMPNAME>FEDERATED_QUERY_NOTICES</CMPNAME>
     <LANGU>E</LANGU>
     <DESCRIPT>Query multiple collection system notices</DESCRIPT>
    </SEOCOMPOTX>
    <SEOCOMPOTX>
     <CLSNAME>ZCL_IBMC_DISCOVERY_V1</CLSNAME>
     <CMPNAME>GET_AUTOCOMPLETION</CMPNAME>
     <LANGU>E</LANGU>
     <DESCRIPT>Get Autocomplete Suggestions</DESCRIPT>
    </SEOCOMPOTX>
    <SEOCOMPOTX>
     <CLSNAME>ZCL_IBMC_DISCOVERY_V1</CLSNAME>
     <CMPNAME>GET_COLLECTION</CMPNAME>
     <LANGU>E</LANGU>
     <DESCRIPT>Get collection details</DESCRIPT>
    </SEOCOMPOTX>
    <SEOCOMPOTX>
     <CLSNAME>ZCL_IBMC_DISCOVERY_V1</CLSNAME>
     <CMPNAME>GET_CONFIGURATION</CMPNAME>
     <LANGU>E</LANGU>
     <DESCRIPT>Get configuration details</DESCRIPT>
    </SEOCOMPOTX>
    <SEOCOMPOTX>
     <CLSNAME>ZCL_IBMC_DISCOVERY_V1</CLSNAME>
     <CMPNAME>GET_CREDENTIALS</CMPNAME>
     <LANGU>E</LANGU>
     <DESCRIPT>View Credentials</DESCRIPT>
    </SEOCOMPOTX>
    <SEOCOMPOTX>
     <CLSNAME>ZCL_IBMC_DISCOVERY_V1</CLSNAME>
     <CMPNAME>GET_DOCUMENT_STATUS</CMPNAME>
     <LANGU>E</LANGU>
     <DESCRIPT>Get document details</DESCRIPT>
    </SEOCOMPOTX>
    <SEOCOMPOTX>
     <CLSNAME>ZCL_IBMC_DISCOVERY_V1</CLSNAME>
     <CMPNAME>GET_ENVIRONMENT</CMPNAME>
     <LANGU>E</LANGU>
     <DESCRIPT>Get environment info</DESCRIPT>
    </SEOCOMPOTX>
    <SEOCOMPOTX>
     <CLSNAME>ZCL_IBMC_DISCOVERY_V1</CLSNAME>
     <CMPNAME>GET_GATEWAY</CMPNAME>
     <LANGU>E</LANGU>
     <DESCRIPT>List Gateway Details</DESCRIPT>
    </SEOCOMPOTX>
    <SEOCOMPOTX>
     <CLSNAME>ZCL_IBMC_DISCOVERY_V1</CLSNAME>
     <CMPNAME>GET_METRICS_EVENT_RATE</CMPNAME>
     <LANGU>E</LANGU>
     <DESCRIPT>Percentage of queries with an associated event</DESCRIPT>
    </SEOCOMPOTX>
    <SEOCOMPOTX>
     <CLSNAME>ZCL_IBMC_DISCOVERY_V1</CLSNAME>
     <CMPNAME>GET_METRICS_QUERY</CMPNAME>
     <LANGU>E</LANGU>
     <DESCRIPT>Number of queries over time</DESCRIPT>
    </SEOCOMPOTX>
    <SEOCOMPOTX>
     <CLSNAME>ZCL_IBMC_DISCOVERY_V1</CLSNAME>
     <CMPNAME>GET_METRICS_QUERY_EVENT</CMPNAME>
     <LANGU>E</LANGU>
     <DESCRIPT>Number of queries with an event over time</DESCRIPT>
    </SEOCOMPOTX>
    <SEOCOMPOTX>
     <CLSNAME>ZCL_IBMC_DISCOVERY_V1</CLSNAME>
     <CMPNAME>GET_METRICS_QUERY_NO_RESULTS</CMPNAME>
     <LANGU>E</LANGU>
     <DESCRIPT>Number of queries with no search results over time</DESCRIPT>
    </SEOCOMPOTX>
    <SEOCOMPOTX>
     <CLSNAME>ZCL_IBMC_DISCOVERY_V1</CLSNAME>
     <CMPNAME>GET_METRICS_QUERY_TOKEN_EVENT</CMPNAME>
     <LANGU>E</LANGU>
     <DESCRIPT>Most frequent query tokens with an event</DESCRIPT>
    </SEOCOMPOTX>
    <SEOCOMPOTX>
     <CLSNAME>ZCL_IBMC_DISCOVERY_V1</CLSNAME>
     <CMPNAME>GET_STOPWORD_LIST_STATUS</CMPNAME>
     <LANGU>E</LANGU>
     <DESCRIPT>Get stopword list status</DESCRIPT>
    </SEOCOMPOTX>
    <SEOCOMPOTX>
     <CLSNAME>ZCL_IBMC_DISCOVERY_V1</CLSNAME>
     <CMPNAME>GET_TOKENIZATION_DICT_STATUS</CMPNAME>
     <LANGU>E</LANGU>
     <DESCRIPT>Get tokenization dictionary status</DESCRIPT>
    </SEOCOMPOTX>
    <SEOCOMPOTX>
     <CLSNAME>ZCL_IBMC_DISCOVERY_V1</CLSNAME>
     <CMPNAME>GET_TRAINING_DATA</CMPNAME>
     <LANGU>E</LANGU>
     <DESCRIPT>Get details about a query</DESCRIPT>
    </SEOCOMPOTX>
    <SEOCOMPOTX>
     <CLSNAME>ZCL_IBMC_DISCOVERY_V1</CLSNAME>
     <CMPNAME>GET_TRAINING_EXAMPLE</CMPNAME>
     <LANGU>E</LANGU>
     <DESCRIPT>Get details for training data example</DESCRIPT>
    </SEOCOMPOTX>
    <SEOCOMPOTX>
     <CLSNAME>ZCL_IBMC_DISCOVERY_V1</CLSNAME>
     <CMPNAME>LIST_COLLECTIONS</CMPNAME>
     <LANGU>E</LANGU>
     <DESCRIPT>List collections</DESCRIPT>
    </SEOCOMPOTX>
    <SEOCOMPOTX>
     <CLSNAME>ZCL_IBMC_DISCOVERY_V1</CLSNAME>
     <CMPNAME>LIST_COLLECTION_FIELDS</CMPNAME>
     <LANGU>E</LANGU>
     <DESCRIPT>List collection fields</DESCRIPT>
    </SEOCOMPOTX>
    <SEOCOMPOTX>
     <CLSNAME>ZCL_IBMC_DISCOVERY_V1</CLSNAME>
     <CMPNAME>LIST_CONFIGURATIONS</CMPNAME>
     <LANGU>E</LANGU>
     <DESCRIPT>List configurations</DESCRIPT>
    </SEOCOMPOTX>
    <SEOCOMPOTX>
     <CLSNAME>ZCL_IBMC_DISCOVERY_V1</CLSNAME>
     <CMPNAME>LIST_CREDENTIALS</CMPNAME>
     <LANGU>E</LANGU>
     <DESCRIPT>List credentials</DESCRIPT>
    </SEOCOMPOTX>
    <SEOCOMPOTX>
     <CLSNAME>ZCL_IBMC_DISCOVERY_V1</CLSNAME>
     <CMPNAME>LIST_ENVIRONMENTS</CMPNAME>
     <LANGU>E</LANGU>
     <DESCRIPT>List environments</DESCRIPT>
    </SEOCOMPOTX>
    <SEOCOMPOTX>
     <CLSNAME>ZCL_IBMC_DISCOVERY_V1</CLSNAME>
     <CMPNAME>LIST_EXPANSIONS</CMPNAME>
     <LANGU>E</LANGU>
     <DESCRIPT>Get the expansion list</DESCRIPT>
    </SEOCOMPOTX>
    <SEOCOMPOTX>
     <CLSNAME>ZCL_IBMC_DISCOVERY_V1</CLSNAME>
     <CMPNAME>LIST_FIELDS</CMPNAME>
     <LANGU>E</LANGU>
     <DESCRIPT>List fields across collections</DESCRIPT>
    </SEOCOMPOTX>
    <SEOCOMPOTX>
     <CLSNAME>ZCL_IBMC_DISCOVERY_V1</CLSNAME>
     <CMPNAME>LIST_GATEWAYS</CMPNAME>
     <LANGU>E</LANGU>
     <DESCRIPT>List Gateways</DESCRIPT>
    </SEOCOMPOTX>
    <SEOCOMPOTX>
     <CLSNAME>ZCL_IBMC_DISCOVERY_V1</CLSNAME>
     <CMPNAME>LIST_TRAINING_DATA</CMPNAME>
     <LANGU>E</LANGU>
     <DESCRIPT>List training data</DESCRIPT>
    </SEOCOMPOTX>
    <SEOCOMPOTX>
     <CLSNAME>ZCL_IBMC_DISCOVERY_V1</CLSNAME>
     <CMPNAME>LIST_TRAINING_EXAMPLES</CMPNAME>
     <LANGU>E</LANGU>
     <DESCRIPT>List examples for a training data query</DESCRIPT>
    </SEOCOMPOTX>
    <SEOCOMPOTX>
     <CLSNAME>ZCL_IBMC_DISCOVERY_V1</CLSNAME>
     <CMPNAME>QUERY</CMPNAME>
     <LANGU>E</LANGU>
     <DESCRIPT>Query a collection</DESCRIPT>
    </SEOCOMPOTX>
    <SEOCOMPOTX>
     <CLSNAME>ZCL_IBMC_DISCOVERY_V1</CLSNAME>
     <CMPNAME>QUERY_LOG</CMPNAME>
     <LANGU>E</LANGU>
     <DESCRIPT>Search the query and event log</DESCRIPT>
    </SEOCOMPOTX>
    <SEOCOMPOTX>
     <CLSNAME>ZCL_IBMC_DISCOVERY_V1</CLSNAME>
     <CMPNAME>QUERY_NOTICES</CMPNAME>
     <LANGU>E</LANGU>
     <DESCRIPT>Query system notices</DESCRIPT>
    </SEOCOMPOTX>
    <SEOCOMPOTX>
     <CLSNAME>ZCL_IBMC_DISCOVERY_V1</CLSNAME>
     <CMPNAME>UPDATE_COLLECTION</CMPNAME>
     <LANGU>E</LANGU>
     <DESCRIPT>Update a collection</DESCRIPT>
    </SEOCOMPOTX>
    <SEOCOMPOTX>
     <CLSNAME>ZCL_IBMC_DISCOVERY_V1</CLSNAME>
     <CMPNAME>UPDATE_CONFIGURATION</CMPNAME>
     <LANGU>E</LANGU>
     <DESCRIPT>Update a configuration</DESCRIPT>
    </SEOCOMPOTX>
    <SEOCOMPOTX>
     <CLSNAME>ZCL_IBMC_DISCOVERY_V1</CLSNAME>
     <CMPNAME>UPDATE_CREDENTIALS</CMPNAME>
     <LANGU>E</LANGU>
     <DESCRIPT>Update credentials</DESCRIPT>
    </SEOCOMPOTX>
    <SEOCOMPOTX>
     <CLSNAME>ZCL_IBMC_DISCOVERY_V1</CLSNAME>
     <CMPNAME>UPDATE_DOCUMENT</CMPNAME>
     <LANGU>E</LANGU>
     <DESCRIPT>Update a document</DESCRIPT>
    </SEOCOMPOTX>
    <SEOCOMPOTX>
     <CLSNAME>ZCL_IBMC_DISCOVERY_V1</CLSNAME>
     <CMPNAME>UPDATE_ENVIRONMENT</CMPNAME>
     <LANGU>E</LANGU>
     <DESCRIPT>Update an environment</DESCRIPT>
    </SEOCOMPOTX>
    <SEOCOMPOTX>
     <CLSNAME>ZCL_IBMC_DISCOVERY_V1</CLSNAME>
     <CMPNAME>UPDATE_TRAINING_EXAMPLE</CMPNAME>
     <LANGU>E</LANGU>
     <DESCRIPT>Change label or cross reference for example</DESCRIPT>
    </SEOCOMPOTX>
   </DESCRIPTIONS>
  </asx:values>
 </asx:abap>
</abapGit>
