﻿<?xml version="1.0" encoding="utf-8"?>
<abapGit version="v1.0.0" serializer="LCL_OBJECT_CLAS" serializer_version="v1.0.0">
 <asx:abap xmlns:asx="http://www.sap.com/abapxml" version="1.0">
  <asx:values>
   <VSEOCLASS>
    <CLSNAME>ZCL_IBMC_UTIL</CLSNAME>
    <LANGU>E</LANGU>
    <DESCRIPT>Utilities to connect to IBM Watson</DESCRIPT>
    <STATE>1</STATE>
    <CLSCCINCL>X</CLSCCINCL>
    <FIXPT>X</FIXPT>
    <UNICODE>X</UNICODE>
   </VSEOCLASS>
   <DESCRIPTIONS>
    <SEOCOMPOTX>
     <CLSNAME>ZCL_IBMC_UTIL</CLSNAME>
     <CMPNAME>CONVERT_DATETIME_TO_TIMESTAMP</CMPNAME>
     <LANGU>E</LANGU>
     <DESCRIPT>Converts a DATETIME String to type TIMESTAMP</DESCRIPT>
    </SEOCOMPOTX>
    <SEOCOMPOTX>
     <CLSNAME>ZCL_IBMC_UTIL</CLSNAME>
     <CMPNAME>CONVERT_TIMESTAMP_TO_DATETIME</CMPNAME>
     <LANGU>E</LANGU>
     <DESCRIPT>Converts a DATETIME String to type TIMESTAMP</DESCRIPT>
    </SEOCOMPOTX>
    <SEOCOMPOTX>
     <CLSNAME>ZCL_IBMC_UTIL</CLSNAME>
     <CMPNAME>CONVERT_TIMESTAMP_TO_LOCAL</CMPNAME>
     <LANGU>E</LANGU>
     <DESCRIPT>Converts a UTF timestamp to a local timestamp</DESCRIPT>
    </SEOCOMPOTX>
    <SEOCOMPOTX>
     <CLSNAME>ZCL_IBMC_UTIL</CLSNAME>
     <CMPNAME>GET_MIMETYPE_FROM_EXTENSION</CMPNAME>
     <LANGU>E</LANGU>
     <DESCRIPT>Returns mime type for a given extension</DESCRIPT>
    </SEOCOMPOTX>
    <SEOCOMPOTX>
     <CLSNAME>ZCL_IBMC_UTIL</CLSNAME>
     <CMPNAME>ITAB_TO_TABLESCHEMA</CMPNAME>
     <LANGU>E</LANGU>
     <DESCRIPT>Converts an internal table to table schema JSON format</DESCRIPT>
    </SEOCOMPOTX>
    <SEOCOMPOTX>
     <CLSNAME>ZCL_IBMC_UTIL</CLSNAME>
     <CMPNAME>TABLESCHEMA_TO_ITAB</CMPNAME>
     <LANGU>E</LANGU>
     <DESCRIPT>Converts a JSON string in table schema format to an itab</DESCRIPT>
    </SEOCOMPOTX>
    <SEOCOMPOTX>
     <CLSNAME>ZCL_IBMC_UTIL</CLSNAME>
     <CMPNAME>UTC_TO_TIMEZONE</CMPNAME>
     <LANGU>E</LANGU>
     <DESCRIPT>Converts an UTC timestamp to the specified timezone</DESCRIPT>
    </SEOCOMPOTX>
   </DESCRIPTIONS>
  </asx:values>
 </asx:abap>
</abapGit>
