﻿<?xml version="1.0" encoding="utf-8"?>
<abapGit version="v1.0.0" serializer="LCL_OBJECT_CLAS" serializer_version="v1.0.0">
 <asx:abap xmlns:asx="http://www.sap.com/abapxml" version="1.0">
  <asx:values>
   <VSEOCLASS>
    <CLSNAME>ZCL_IBMC_ASSISTANT_V1</CLSNAME>
    <LANGU>E</LANGU>
    <DESCRIPT>Watson Assistant v1</DESCRIPT>
    <STATE>1</STATE>
    <CLSCCINCL>X</CLSCCINCL>
    <FIXPT>X</FIXPT>
    <UNICODE>X</UNICODE>
   </VSEOCLASS>
   <DESCRIPTIONS>
    <SEOCOMPOTX>
     <CLSNAME>ZCL_IBMC_ASSISTANT_V1</CLSNAME>
     <CMPNAME>CREATE_COUNTEREXAMPLE</CMPNAME>
     <LANGU>E</LANGU>
     <DESCRIPT>Create counterexample</DESCRIPT>
    </SEOCOMPOTX>
    <SEOCOMPOTX>
     <CLSNAME>ZCL_IBMC_ASSISTANT_V1</CLSNAME>
     <CMPNAME>CREATE_DIALOG_NODE</CMPNAME>
     <LANGU>E</LANGU>
     <DESCRIPT>Create dialog node</DESCRIPT>
    </SEOCOMPOTX>
    <SEOCOMPOTX>
     <CLSNAME>ZCL_IBMC_ASSISTANT_V1</CLSNAME>
     <CMPNAME>CREATE_ENTITY</CMPNAME>
     <LANGU>E</LANGU>
     <DESCRIPT>Create entity</DESCRIPT>
    </SEOCOMPOTX>
    <SEOCOMPOTX>
     <CLSNAME>ZCL_IBMC_ASSISTANT_V1</CLSNAME>
     <CMPNAME>CREATE_EXAMPLE</CMPNAME>
     <LANGU>E</LANGU>
     <DESCRIPT>Create user input example</DESCRIPT>
    </SEOCOMPOTX>
    <SEOCOMPOTX>
     <CLSNAME>ZCL_IBMC_ASSISTANT_V1</CLSNAME>
     <CMPNAME>CREATE_INTENT</CMPNAME>
     <LANGU>E</LANGU>
     <DESCRIPT>Create intent</DESCRIPT>
    </SEOCOMPOTX>
    <SEOCOMPOTX>
     <CLSNAME>ZCL_IBMC_ASSISTANT_V1</CLSNAME>
     <CMPNAME>CREATE_SYNONYM</CMPNAME>
     <LANGU>E</LANGU>
     <DESCRIPT>Create entity value synonym</DESCRIPT>
    </SEOCOMPOTX>
    <SEOCOMPOTX>
     <CLSNAME>ZCL_IBMC_ASSISTANT_V1</CLSNAME>
     <CMPNAME>CREATE_VALUE</CMPNAME>
     <LANGU>E</LANGU>
     <DESCRIPT>Create entity value</DESCRIPT>
    </SEOCOMPOTX>
    <SEOCOMPOTX>
     <CLSNAME>ZCL_IBMC_ASSISTANT_V1</CLSNAME>
     <CMPNAME>CREATE_WORKSPACE</CMPNAME>
     <LANGU>E</LANGU>
     <DESCRIPT>Create workspace</DESCRIPT>
    </SEOCOMPOTX>
    <SEOCOMPOTX>
     <CLSNAME>ZCL_IBMC_ASSISTANT_V1</CLSNAME>
     <CMPNAME>DELETE_COUNTEREXAMPLE</CMPNAME>
     <LANGU>E</LANGU>
     <DESCRIPT>Delete counterexample</DESCRIPT>
    </SEOCOMPOTX>
    <SEOCOMPOTX>
     <CLSNAME>ZCL_IBMC_ASSISTANT_V1</CLSNAME>
     <CMPNAME>DELETE_DIALOG_NODE</CMPNAME>
     <LANGU>E</LANGU>
     <DESCRIPT>Delete dialog node</DESCRIPT>
    </SEOCOMPOTX>
    <SEOCOMPOTX>
     <CLSNAME>ZCL_IBMC_ASSISTANT_V1</CLSNAME>
     <CMPNAME>DELETE_ENTITY</CMPNAME>
     <LANGU>E</LANGU>
     <DESCRIPT>Delete entity</DESCRIPT>
    </SEOCOMPOTX>
    <SEOCOMPOTX>
     <CLSNAME>ZCL_IBMC_ASSISTANT_V1</CLSNAME>
     <CMPNAME>DELETE_EXAMPLE</CMPNAME>
     <LANGU>E</LANGU>
     <DESCRIPT>Delete user input example</DESCRIPT>
    </SEOCOMPOTX>
    <SEOCOMPOTX>
     <CLSNAME>ZCL_IBMC_ASSISTANT_V1</CLSNAME>
     <CMPNAME>DELETE_INTENT</CMPNAME>
     <LANGU>E</LANGU>
     <DESCRIPT>Delete intent</DESCRIPT>
    </SEOCOMPOTX>
    <SEOCOMPOTX>
     <CLSNAME>ZCL_IBMC_ASSISTANT_V1</CLSNAME>
     <CMPNAME>DELETE_SYNONYM</CMPNAME>
     <LANGU>E</LANGU>
     <DESCRIPT>Delete entity value synonym</DESCRIPT>
    </SEOCOMPOTX>
    <SEOCOMPOTX>
     <CLSNAME>ZCL_IBMC_ASSISTANT_V1</CLSNAME>
     <CMPNAME>DELETE_USER_DATA</CMPNAME>
     <LANGU>E</LANGU>
     <DESCRIPT>Delete labeled data</DESCRIPT>
    </SEOCOMPOTX>
    <SEOCOMPOTX>
     <CLSNAME>ZCL_IBMC_ASSISTANT_V1</CLSNAME>
     <CMPNAME>DELETE_VALUE</CMPNAME>
     <LANGU>E</LANGU>
     <DESCRIPT>Delete entity value</DESCRIPT>
    </SEOCOMPOTX>
    <SEOCOMPOTX>
     <CLSNAME>ZCL_IBMC_ASSISTANT_V1</CLSNAME>
     <CMPNAME>DELETE_WORKSPACE</CMPNAME>
     <LANGU>E</LANGU>
     <DESCRIPT>Delete workspace</DESCRIPT>
    </SEOCOMPOTX>
    <SEOCOMPOTX>
     <CLSNAME>ZCL_IBMC_ASSISTANT_V1</CLSNAME>
     <CMPNAME>GET_COUNTEREXAMPLE</CMPNAME>
     <LANGU>E</LANGU>
     <DESCRIPT>Get counterexample</DESCRIPT>
    </SEOCOMPOTX>
    <SEOCOMPOTX>
     <CLSNAME>ZCL_IBMC_ASSISTANT_V1</CLSNAME>
     <CMPNAME>GET_DIALOG_NODE</CMPNAME>
     <LANGU>E</LANGU>
     <DESCRIPT>Get dialog node</DESCRIPT>
    </SEOCOMPOTX>
    <SEOCOMPOTX>
     <CLSNAME>ZCL_IBMC_ASSISTANT_V1</CLSNAME>
     <CMPNAME>GET_ENTITY</CMPNAME>
     <LANGU>E</LANGU>
     <DESCRIPT>Get entity</DESCRIPT>
    </SEOCOMPOTX>
    <SEOCOMPOTX>
     <CLSNAME>ZCL_IBMC_ASSISTANT_V1</CLSNAME>
     <CMPNAME>GET_EXAMPLE</CMPNAME>
     <LANGU>E</LANGU>
     <DESCRIPT>Get user input example</DESCRIPT>
    </SEOCOMPOTX>
    <SEOCOMPOTX>
     <CLSNAME>ZCL_IBMC_ASSISTANT_V1</CLSNAME>
     <CMPNAME>GET_INTENT</CMPNAME>
     <LANGU>E</LANGU>
     <DESCRIPT>Get intent</DESCRIPT>
    </SEOCOMPOTX>
    <SEOCOMPOTX>
     <CLSNAME>ZCL_IBMC_ASSISTANT_V1</CLSNAME>
     <CMPNAME>GET_SYNONYM</CMPNAME>
     <LANGU>E</LANGU>
     <DESCRIPT>Get entity value synonym</DESCRIPT>
    </SEOCOMPOTX>
    <SEOCOMPOTX>
     <CLSNAME>ZCL_IBMC_ASSISTANT_V1</CLSNAME>
     <CMPNAME>GET_VALUE</CMPNAME>
     <LANGU>E</LANGU>
     <DESCRIPT>Get entity value</DESCRIPT>
    </SEOCOMPOTX>
    <SEOCOMPOTX>
     <CLSNAME>ZCL_IBMC_ASSISTANT_V1</CLSNAME>
     <CMPNAME>GET_WORKSPACE</CMPNAME>
     <LANGU>E</LANGU>
     <DESCRIPT>Get information about a workspace</DESCRIPT>
    </SEOCOMPOTX>
    <SEOCOMPOTX>
     <CLSNAME>ZCL_IBMC_ASSISTANT_V1</CLSNAME>
     <CMPNAME>LIST_ALL_LOGS</CMPNAME>
     <LANGU>E</LANGU>
     <DESCRIPT>List log events in all workspaces</DESCRIPT>
    </SEOCOMPOTX>
    <SEOCOMPOTX>
     <CLSNAME>ZCL_IBMC_ASSISTANT_V1</CLSNAME>
     <CMPNAME>LIST_COUNTEREXAMPLES</CMPNAME>
     <LANGU>E</LANGU>
     <DESCRIPT>List counterexamples</DESCRIPT>
    </SEOCOMPOTX>
    <SEOCOMPOTX>
     <CLSNAME>ZCL_IBMC_ASSISTANT_V1</CLSNAME>
     <CMPNAME>LIST_DIALOG_NODES</CMPNAME>
     <LANGU>E</LANGU>
     <DESCRIPT>List dialog nodes</DESCRIPT>
    </SEOCOMPOTX>
    <SEOCOMPOTX>
     <CLSNAME>ZCL_IBMC_ASSISTANT_V1</CLSNAME>
     <CMPNAME>LIST_ENTITIES</CMPNAME>
     <LANGU>E</LANGU>
     <DESCRIPT>List entities</DESCRIPT>
    </SEOCOMPOTX>
    <SEOCOMPOTX>
     <CLSNAME>ZCL_IBMC_ASSISTANT_V1</CLSNAME>
     <CMPNAME>LIST_EXAMPLES</CMPNAME>
     <LANGU>E</LANGU>
     <DESCRIPT>List user input examples</DESCRIPT>
    </SEOCOMPOTX>
    <SEOCOMPOTX>
     <CLSNAME>ZCL_IBMC_ASSISTANT_V1</CLSNAME>
     <CMPNAME>LIST_INTENTS</CMPNAME>
     <LANGU>E</LANGU>
     <DESCRIPT>List intents</DESCRIPT>
    </SEOCOMPOTX>
    <SEOCOMPOTX>
     <CLSNAME>ZCL_IBMC_ASSISTANT_V1</CLSNAME>
     <CMPNAME>LIST_LOGS</CMPNAME>
     <LANGU>E</LANGU>
     <DESCRIPT>List log events in a workspace</DESCRIPT>
    </SEOCOMPOTX>
    <SEOCOMPOTX>
     <CLSNAME>ZCL_IBMC_ASSISTANT_V1</CLSNAME>
     <CMPNAME>LIST_MENTIONS</CMPNAME>
     <LANGU>E</LANGU>
     <DESCRIPT>List entity mentions</DESCRIPT>
    </SEOCOMPOTX>
    <SEOCOMPOTX>
     <CLSNAME>ZCL_IBMC_ASSISTANT_V1</CLSNAME>
     <CMPNAME>LIST_SYNONYMS</CMPNAME>
     <LANGU>E</LANGU>
     <DESCRIPT>List entity value synonyms</DESCRIPT>
    </SEOCOMPOTX>
    <SEOCOMPOTX>
     <CLSNAME>ZCL_IBMC_ASSISTANT_V1</CLSNAME>
     <CMPNAME>LIST_VALUES</CMPNAME>
     <LANGU>E</LANGU>
     <DESCRIPT>List entity values</DESCRIPT>
    </SEOCOMPOTX>
    <SEOCOMPOTX>
     <CLSNAME>ZCL_IBMC_ASSISTANT_V1</CLSNAME>
     <CMPNAME>LIST_WORKSPACES</CMPNAME>
     <LANGU>E</LANGU>
     <DESCRIPT>List workspaces</DESCRIPT>
    </SEOCOMPOTX>
    <SEOCOMPOTX>
     <CLSNAME>ZCL_IBMC_ASSISTANT_V1</CLSNAME>
     <CMPNAME>MESSAGE</CMPNAME>
     <LANGU>E</LANGU>
     <DESCRIPT>Get response to user input</DESCRIPT>
    </SEOCOMPOTX>
    <SEOCOMPOTX>
     <CLSNAME>ZCL_IBMC_ASSISTANT_V1</CLSNAME>
     <CMPNAME>UPDATE_COUNTEREXAMPLE</CMPNAME>
     <LANGU>E</LANGU>
     <DESCRIPT>Update counterexample</DESCRIPT>
    </SEOCOMPOTX>
    <SEOCOMPOTX>
     <CLSNAME>ZCL_IBMC_ASSISTANT_V1</CLSNAME>
     <CMPNAME>UPDATE_DIALOG_NODE</CMPNAME>
     <LANGU>E</LANGU>
     <DESCRIPT>Update dialog node</DESCRIPT>
    </SEOCOMPOTX>
    <SEOCOMPOTX>
     <CLSNAME>ZCL_IBMC_ASSISTANT_V1</CLSNAME>
     <CMPNAME>UPDATE_ENTITY</CMPNAME>
     <LANGU>E</LANGU>
     <DESCRIPT>Update entity</DESCRIPT>
    </SEOCOMPOTX>
    <SEOCOMPOTX>
     <CLSNAME>ZCL_IBMC_ASSISTANT_V1</CLSNAME>
     <CMPNAME>UPDATE_EXAMPLE</CMPNAME>
     <LANGU>E</LANGU>
     <DESCRIPT>Update user input example</DESCRIPT>
    </SEOCOMPOTX>
    <SEOCOMPOTX>
     <CLSNAME>ZCL_IBMC_ASSISTANT_V1</CLSNAME>
     <CMPNAME>UPDATE_INTENT</CMPNAME>
     <LANGU>E</LANGU>
     <DESCRIPT>Update intent</DESCRIPT>
    </SEOCOMPOTX>
    <SEOCOMPOTX>
     <CLSNAME>ZCL_IBMC_ASSISTANT_V1</CLSNAME>
     <CMPNAME>UPDATE_SYNONYM</CMPNAME>
     <LANGU>E</LANGU>
     <DESCRIPT>Update entity value synonym</DESCRIPT>
    </SEOCOMPOTX>
    <SEOCOMPOTX>
     <CLSNAME>ZCL_IBMC_ASSISTANT_V1</CLSNAME>
     <CMPNAME>UPDATE_VALUE</CMPNAME>
     <LANGU>E</LANGU>
     <DESCRIPT>Update entity value</DESCRIPT>
    </SEOCOMPOTX>
    <SEOCOMPOTX>
     <CLSNAME>ZCL_IBMC_ASSISTANT_V1</CLSNAME>
     <CMPNAME>UPDATE_WORKSPACE</CMPNAME>
     <LANGU>E</LANGU>
     <DESCRIPT>Update workspace</DESCRIPT>
    </SEOCOMPOTX>
   </DESCRIPTIONS>
  </asx:values>
 </asx:abap>
</abapGit>
