﻿<?xml version="1.0" encoding="utf-8"?>
<abapGit version="v1.0.0" serializer="LCL_OBJECT_CLAS" serializer_version="v1.0.0">
 <asx:abap xmlns:asx="http://www.sap.com/abapxml" version="1.0">
  <asx:values>
   <VSEOCLASS>
    <CLSNAME>ZCL_IBMC_NAT_LANG_UNDRSTND_V1</CLSNAME>
    <LANGU>E</LANGU>
    <DESCRIPT>Natural Language Understanding</DESCRIPT>
    <STATE>1</STATE>
    <CLSCCINCL>X</CLSCCINCL>
    <FIXPT>X</FIXPT>
    <UNICODE>X</UNICODE>
   </VSEOCLASS>
   <DESCRIPTIONS>
    <SEOCOMPOTX>
     <CLSNAME>ZCL_IBMC_NAT_LANG_UNDRSTND_V1</CLSNAME>
     <CMPNAME>ANALYZE</CMPNAME>
     <LANGU>E</LANGU>
     <DESCRIPT>Analyze text</DESCRIPT>
    </SEOCOMPOTX>
    <SEOCOMPOTX>
     <CLSNAME>ZCL_IBMC_NAT_LANG_UNDRSTND_V1</CLSNAME>
     <CMPNAME>DELETE_MODEL</CMPNAME>
     <LANGU>E</LANGU>
     <DESCRIPT>Delete model</DESCRIPT>
    </SEOCOMPOTX>
    <SEOCOMPOTX>
     <CLSNAME>ZCL_IBMC_NAT_LANG_UNDRSTND_V1</CLSNAME>
     <CMPNAME>LIST_MODELS</CMPNAME>
     <LANGU>E</LANGU>
     <DESCRIPT>List models</DESCRIPT>
    </SEOCOMPOTX>
   </DESCRIPTIONS>
  </asx:values>
 </asx:abap>
</abapGit>
