﻿<?xml version="1.0" encoding="utf-8"?>
<abapGit version="v1.0.0" serializer="LCL_OBJECT_CLAS" serializer_version="v1.0.0">
 <asx:abap xmlns:asx="http://www.sap.com/abapxml" version="1.0">
  <asx:values>
   <VSEOCLASS>
    <CLSNAME>ZCL_IBMC_NAT_LANG_CLASS_V1</CLSNAME>
    <LANGU>E</LANGU>
    <DESCRIPT>Natural Language Classifier</DESCRIPT>
    <STATE>1</STATE>
    <CLSCCINCL>X</CLSCCINCL>
    <FIXPT>X</FIXPT>
    <UNICODE>X</UNICODE>
   </VSEOCLASS>
   <DESCRIPTIONS>
    <SEOCOMPOTX>
     <CLSNAME>ZCL_IBMC_NAT_LANG_CLASS_V1</CLSNAME>
     <CMPNAME>CLASSIFY</CMPNAME>
     <LANGU>E</LANGU>
     <DESCRIPT>Classify a phrase</DESCRIPT>
    </SEOCOMPOTX>
    <SEOCOMPOTX>
     <CLSNAME>ZCL_IBMC_NAT_LANG_CLASS_V1</CLSNAME>
     <CMPNAME>CLASSIFY_COLLECTION</CMPNAME>
     <LANGU>E</LANGU>
     <DESCRIPT>Classify multiple phrases</DESCRIPT>
    </SEOCOMPOTX>
    <SEOCOMPOTX>
     <CLSNAME>ZCL_IBMC_NAT_LANG_CLASS_V1</CLSNAME>
     <CMPNAME>CREATE_CLASSIFIER</CMPNAME>
     <LANGU>E</LANGU>
     <DESCRIPT>Create classifier</DESCRIPT>
    </SEOCOMPOTX>
    <SEOCOMPOTX>
     <CLSNAME>ZCL_IBMC_NAT_LANG_CLASS_V1</CLSNAME>
     <CMPNAME>DELETE_CLASSIFIER</CMPNAME>
     <LANGU>E</LANGU>
     <DESCRIPT>Delete classifier</DESCRIPT>
    </SEOCOMPOTX>
    <SEOCOMPOTX>
     <CLSNAME>ZCL_IBMC_NAT_LANG_CLASS_V1</CLSNAME>
     <CMPNAME>GET_CLASSIFIER</CMPNAME>
     <LANGU>E</LANGU>
     <DESCRIPT>Get information about a classifier</DESCRIPT>
    </SEOCOMPOTX>
    <SEOCOMPOTX>
     <CLSNAME>ZCL_IBMC_NAT_LANG_CLASS_V1</CLSNAME>
     <CMPNAME>LIST_CLASSIFIERS</CMPNAME>
     <LANGU>E</LANGU>
     <DESCRIPT>List classifiers</DESCRIPT>
    </SEOCOMPOTX>
   </DESCRIPTIONS>
  </asx:values>
 </asx:abap>
</abapGit>
