﻿<?xml version="1.0" encoding="utf-8"?>
<abapGit version="v1.0.0" serializer="LCL_OBJECT_CLAS" serializer_version="v1.0.0">
 <asx:abap xmlns:asx="http://www.sap.com/abapxml" version="1.0">
  <asx:values>
   <VSEOCLASS>
    <CLSNAME>ZCL_IBMC_TONE_ANALYZER_V3</CLSNAME>
    <LANGU>E</LANGU>
    <DESCRIPT>Tone Analyzer</DESCRIPT>
    <STATE>1</STATE>
    <CLSCCINCL>X</CLSCCINCL>
    <FIXPT>X</FIXPT>
    <UNICODE>X</UNICODE>
   </VSEOCLASS>
   <DESCRIPTIONS>
    <SEOCOMPOTX>
     <CLSNAME>ZCL_IBMC_TONE_ANALYZER_V3</CLSNAME>
     <CMPNAME>TONE</CMPNAME>
     <LANGU>E</LANGU>
     <DESCRIPT>Analyze general tone</DESCRIPT>
    </SEOCOMPOTX>
    <SEOCOMPOTX>
     <CLSNAME>ZCL_IBMC_TONE_ANALYZER_V3</CLSNAME>
     <CMPNAME>TONE_CHAT</CMPNAME>
     <LANGU>E</LANGU>
     <DESCRIPT>Analyze customer-engagement tone</DESCRIPT>
    </SEOCOMPOTX>
   </DESCRIPTIONS>
  </asx:values>
 </asx:abap>
</abapGit>
