﻿<?xml version="1.0" encoding="utf-8"?>
<abapGit version="v1.0.0" serializer="LCL_OBJECT_CLAS" serializer_version="v1.0.0">
 <asx:abap xmlns:asx="http://www.sap.com/abapxml" version="1.0">
  <asx:values>
   <VSEOCLASS>
    <CLSNAME>ZCL_IBMC_COMPARE_COMPLY_V1</CLSNAME>
    <LANGU>E</LANGU>
    <DESCRIPT>Compare and Comply</DESCRIPT>
    <STATE>1</STATE>
    <CLSCCINCL>X</CLSCCINCL>
    <FIXPT>X</FIXPT>
    <UNICODE>X</UNICODE>
   </VSEOCLASS>
   <DESCRIPTIONS>
    <SEOCOMPOTX>
     <CLSNAME>ZCL_IBMC_COMPARE_COMPLY_V1</CLSNAME>
     <CMPNAME>ADD_FEEDBACK</CMPNAME>
     <LANGU>E</LANGU>
     <DESCRIPT>Add feedback</DESCRIPT>
    </SEOCOMPOTX>
    <SEOCOMPOTX>
     <CLSNAME>ZCL_IBMC_COMPARE_COMPLY_V1</CLSNAME>
     <CMPNAME>CLASSIFY_ELEMENTS</CMPNAME>
     <LANGU>E</LANGU>
     <DESCRIPT>Classify the elements of a document</DESCRIPT>
    </SEOCOMPOTX>
    <SEOCOMPOTX>
     <CLSNAME>ZCL_IBMC_COMPARE_COMPLY_V1</CLSNAME>
     <CMPNAME>COMPARE_DOCUMENTS</CMPNAME>
     <LANGU>E</LANGU>
     <DESCRIPT>Compare two documents</DESCRIPT>
    </SEOCOMPOTX>
    <SEOCOMPOTX>
     <CLSNAME>ZCL_IBMC_COMPARE_COMPLY_V1</CLSNAME>
     <CMPNAME>CONVERT_TO_HTML</CMPNAME>
     <LANGU>E</LANGU>
     <DESCRIPT>Convert document to HTML</DESCRIPT>
    </SEOCOMPOTX>
    <SEOCOMPOTX>
     <CLSNAME>ZCL_IBMC_COMPARE_COMPLY_V1</CLSNAME>
     <CMPNAME>CREATE_BATCH</CMPNAME>
     <LANGU>E</LANGU>
     <DESCRIPT>Submit a batch-processing request</DESCRIPT>
    </SEOCOMPOTX>
    <SEOCOMPOTX>
     <CLSNAME>ZCL_IBMC_COMPARE_COMPLY_V1</CLSNAME>
     <CMPNAME>DELETE_FEEDBACK</CMPNAME>
     <LANGU>E</LANGU>
     <DESCRIPT>Delete a specified feedback entry</DESCRIPT>
    </SEOCOMPOTX>
    <SEOCOMPOTX>
     <CLSNAME>ZCL_IBMC_COMPARE_COMPLY_V1</CLSNAME>
     <CMPNAME>EXTRACT_TABLES</CMPNAME>
     <LANGU>E</LANGU>
     <DESCRIPT>Extract a document&apos;s tables</DESCRIPT>
    </SEOCOMPOTX>
    <SEOCOMPOTX>
     <CLSNAME>ZCL_IBMC_COMPARE_COMPLY_V1</CLSNAME>
     <CMPNAME>GET_BATCH</CMPNAME>
     <LANGU>E</LANGU>
     <DESCRIPT>Get information about a specific batch-processing job</DESCRIPT>
    </SEOCOMPOTX>
    <SEOCOMPOTX>
     <CLSNAME>ZCL_IBMC_COMPARE_COMPLY_V1</CLSNAME>
     <CMPNAME>GET_FEEDBACK</CMPNAME>
     <LANGU>E</LANGU>
     <DESCRIPT>Get a specified feedback entry</DESCRIPT>
    </SEOCOMPOTX>
    <SEOCOMPOTX>
     <CLSNAME>ZCL_IBMC_COMPARE_COMPLY_V1</CLSNAME>
     <CMPNAME>LIST_BATCHES</CMPNAME>
     <LANGU>E</LANGU>
     <DESCRIPT>List submitted batch-processing jobs</DESCRIPT>
    </SEOCOMPOTX>
    <SEOCOMPOTX>
     <CLSNAME>ZCL_IBMC_COMPARE_COMPLY_V1</CLSNAME>
     <CMPNAME>LIST_FEEDBACK</CMPNAME>
     <LANGU>E</LANGU>
     <DESCRIPT>List the feedback in a document</DESCRIPT>
    </SEOCOMPOTX>
    <SEOCOMPOTX>
     <CLSNAME>ZCL_IBMC_COMPARE_COMPLY_V1</CLSNAME>
     <CMPNAME>UPDATE_BATCH</CMPNAME>
     <LANGU>E</LANGU>
     <DESCRIPT>Update a pending or active batch-processing job</DESCRIPT>
    </SEOCOMPOTX>
   </DESCRIPTIONS>
  </asx:values>
 </asx:abap>
</abapGit>
