﻿<?xml version="1.0" encoding="utf-8"?>
<abapGit version="v1.0.0" serializer="LCL_OBJECT_CLAS" serializer_version="v1.0.0">
 <asx:abap xmlns:asx="http://www.sap.com/abapxml" version="1.0">
  <asx:values>
   <VSEOCLASS>
    <CLSNAME>ZCL_IBMC_PERSONAL_INSIGHTS_V3</CLSNAME>
    <LANGU>E</LANGU>
    <DESCRIPT>Personality Insights</DESCRIPT>
    <STATE>1</STATE>
    <CLSCCINCL>X</CLSCCINCL>
    <FIXPT>X</FIXPT>
    <UNICODE>X</UNICODE>
   </VSEOCLASS>
   <DESCRIPTIONS>
    <SEOCOMPOTX>
     <CLSNAME>ZCL_IBMC_PERSONAL_INSIGHTS_V3</CLSNAME>
     <CMPNAME>PROFILE</CMPNAME>
     <LANGU>E</LANGU>
     <DESCRIPT>Get profile</DESCRIPT>
    </SEOCOMPOTX>
    <SEOCOMPOTX>
     <CLSNAME>ZCL_IBMC_PERSONAL_INSIGHTS_V3</CLSNAME>
     <CMPNAME>PROFILE_AS_CSV</CMPNAME>
     <LANGU>E</LANGU>
     <DESCRIPT>Get profile as csv</DESCRIPT>
    </SEOCOMPOTX>
   </DESCRIPTIONS>
  </asx:values>
 </asx:abap>
</abapGit>
