﻿<?xml version="1.0" encoding="utf-8"?>
<abapGit version="v1.0.0" serializer="LCL_OBJECT_CLAS" serializer_version="v1.0.0">
 <asx:abap xmlns:asx="http://www.sap.com/abapxml" version="1.0">
  <asx:values>
   <VSEOCLASS>
    <CLSNAME>ZCL_IBMC_TEXT_TO_SPEECH_V1</CLSNAME>
    <LANGU>E</LANGU>
    <DESCRIPT>Text to Speech</DESCRIPT>
    <STATE>1</STATE>
    <CLSCCINCL>X</CLSCCINCL>
    <FIXPT>X</FIXPT>
    <UNICODE>X</UNICODE>
   </VSEOCLASS>
   <DESCRIPTIONS>
    <SEOCOMPOTX>
     <CLSNAME>ZCL_IBMC_TEXT_TO_SPEECH_V1</CLSNAME>
     <CMPNAME>ADD_WORD</CMPNAME>
     <LANGU>E</LANGU>
     <DESCRIPT>Add a custom word</DESCRIPT>
    </SEOCOMPOTX>
    <SEOCOMPOTX>
     <CLSNAME>ZCL_IBMC_TEXT_TO_SPEECH_V1</CLSNAME>
     <CMPNAME>ADD_WORDS</CMPNAME>
     <LANGU>E</LANGU>
     <DESCRIPT>Add custom words</DESCRIPT>
    </SEOCOMPOTX>
    <SEOCOMPOTX>
     <CLSNAME>ZCL_IBMC_TEXT_TO_SPEECH_V1</CLSNAME>
     <CMPNAME>CREATE_VOICE_MODEL</CMPNAME>
     <LANGU>E</LANGU>
     <DESCRIPT>Create a custom model</DESCRIPT>
    </SEOCOMPOTX>
    <SEOCOMPOTX>
     <CLSNAME>ZCL_IBMC_TEXT_TO_SPEECH_V1</CLSNAME>
     <CMPNAME>DELETE_USER_DATA</CMPNAME>
     <LANGU>E</LANGU>
     <DESCRIPT>Delete labeled data</DESCRIPT>
    </SEOCOMPOTX>
    <SEOCOMPOTX>
     <CLSNAME>ZCL_IBMC_TEXT_TO_SPEECH_V1</CLSNAME>
     <CMPNAME>DELETE_VOICE_MODEL</CMPNAME>
     <LANGU>E</LANGU>
     <DESCRIPT>Delete a custom model</DESCRIPT>
    </SEOCOMPOTX>
    <SEOCOMPOTX>
     <CLSNAME>ZCL_IBMC_TEXT_TO_SPEECH_V1</CLSNAME>
     <CMPNAME>DELETE_WORD</CMPNAME>
     <LANGU>E</LANGU>
     <DESCRIPT>Delete a custom word</DESCRIPT>
    </SEOCOMPOTX>
    <SEOCOMPOTX>
     <CLSNAME>ZCL_IBMC_TEXT_TO_SPEECH_V1</CLSNAME>
     <CMPNAME>GET_PRONUNCIATION</CMPNAME>
     <LANGU>E</LANGU>
     <DESCRIPT>Get pronunciation</DESCRIPT>
    </SEOCOMPOTX>
    <SEOCOMPOTX>
     <CLSNAME>ZCL_IBMC_TEXT_TO_SPEECH_V1</CLSNAME>
     <CMPNAME>GET_VOICE</CMPNAME>
     <LANGU>E</LANGU>
     <DESCRIPT>Get a voice</DESCRIPT>
    </SEOCOMPOTX>
    <SEOCOMPOTX>
     <CLSNAME>ZCL_IBMC_TEXT_TO_SPEECH_V1</CLSNAME>
     <CMPNAME>GET_VOICE_MODEL</CMPNAME>
     <LANGU>E</LANGU>
     <DESCRIPT>Get a custom model</DESCRIPT>
    </SEOCOMPOTX>
    <SEOCOMPOTX>
     <CLSNAME>ZCL_IBMC_TEXT_TO_SPEECH_V1</CLSNAME>
     <CMPNAME>GET_WORD</CMPNAME>
     <LANGU>E</LANGU>
     <DESCRIPT>Get a custom word</DESCRIPT>
    </SEOCOMPOTX>
    <SEOCOMPOTX>
     <CLSNAME>ZCL_IBMC_TEXT_TO_SPEECH_V1</CLSNAME>
     <CMPNAME>LIST_VOICES</CMPNAME>
     <LANGU>E</LANGU>
     <DESCRIPT>List voices</DESCRIPT>
    </SEOCOMPOTX>
    <SEOCOMPOTX>
     <CLSNAME>ZCL_IBMC_TEXT_TO_SPEECH_V1</CLSNAME>
     <CMPNAME>LIST_VOICE_MODELS</CMPNAME>
     <LANGU>E</LANGU>
     <DESCRIPT>List custom models</DESCRIPT>
    </SEOCOMPOTX>
    <SEOCOMPOTX>
     <CLSNAME>ZCL_IBMC_TEXT_TO_SPEECH_V1</CLSNAME>
     <CMPNAME>LIST_WORDS</CMPNAME>
     <LANGU>E</LANGU>
     <DESCRIPT>List custom words</DESCRIPT>
    </SEOCOMPOTX>
    <SEOCOMPOTX>
     <CLSNAME>ZCL_IBMC_TEXT_TO_SPEECH_V1</CLSNAME>
     <CMPNAME>SYNTHESIZE</CMPNAME>
     <LANGU>E</LANGU>
     <DESCRIPT>Synthesize audio</DESCRIPT>
    </SEOCOMPOTX>
    <SEOCOMPOTX>
     <CLSNAME>ZCL_IBMC_TEXT_TO_SPEECH_V1</CLSNAME>
     <CMPNAME>UPDATE_VOICE_MODEL</CMPNAME>
     <LANGU>E</LANGU>
     <DESCRIPT>Update a custom model</DESCRIPT>
    </SEOCOMPOTX>
   </DESCRIPTIONS>
  </asx:values>
 </asx:abap>
</abapGit>
