﻿<?xml version="1.0" encoding="utf-8"?>
<abapGit version="v1.0.0" serializer="LCL_OBJECT_CLAS" serializer_version="v1.0.0">
 <asx:abap xmlns:asx="http://www.sap.com/abapxml" version="1.0">
  <asx:values>
   <VSEOCLASS>
    <CLSNAME>ZCL_IBMC_SPEECH_TO_TEXT_V1</CLSNAME>
    <LANGU>E</LANGU>
    <DESCRIPT>Speech to Text</DESCRIPT>
    <STATE>1</STATE>
    <CLSCCINCL>X</CLSCCINCL>
    <FIXPT>X</FIXPT>
    <UNICODE>X</UNICODE>
   </VSEOCLASS>
   <DESCRIPTIONS>
    <SEOCOMPOTX>
     <CLSNAME>ZCL_IBMC_SPEECH_TO_TEXT_V1</CLSNAME>
     <CMPNAME>ADD_AUDIO</CMPNAME>
     <LANGU>E</LANGU>
     <DESCRIPT>Add an audio resource</DESCRIPT>
    </SEOCOMPOTX>
    <SEOCOMPOTX>
     <CLSNAME>ZCL_IBMC_SPEECH_TO_TEXT_V1</CLSNAME>
     <CMPNAME>ADD_CORPUS</CMPNAME>
     <LANGU>E</LANGU>
     <DESCRIPT>Add a corpus</DESCRIPT>
    </SEOCOMPOTX>
    <SEOCOMPOTX>
     <CLSNAME>ZCL_IBMC_SPEECH_TO_TEXT_V1</CLSNAME>
     <CMPNAME>ADD_GRAMMAR</CMPNAME>
     <LANGU>E</LANGU>
     <DESCRIPT>Add a grammar</DESCRIPT>
    </SEOCOMPOTX>
    <SEOCOMPOTX>
     <CLSNAME>ZCL_IBMC_SPEECH_TO_TEXT_V1</CLSNAME>
     <CMPNAME>ADD_WORD</CMPNAME>
     <LANGU>E</LANGU>
     <DESCRIPT>Add a custom word</DESCRIPT>
    </SEOCOMPOTX>
    <SEOCOMPOTX>
     <CLSNAME>ZCL_IBMC_SPEECH_TO_TEXT_V1</CLSNAME>
     <CMPNAME>ADD_WORDS</CMPNAME>
     <LANGU>E</LANGU>
     <DESCRIPT>Add custom words</DESCRIPT>
    </SEOCOMPOTX>
    <SEOCOMPOTX>
     <CLSNAME>ZCL_IBMC_SPEECH_TO_TEXT_V1</CLSNAME>
     <CMPNAME>CHECK_JOB</CMPNAME>
     <LANGU>E</LANGU>
     <DESCRIPT>Check a job</DESCRIPT>
    </SEOCOMPOTX>
    <SEOCOMPOTX>
     <CLSNAME>ZCL_IBMC_SPEECH_TO_TEXT_V1</CLSNAME>
     <CMPNAME>CHECK_JOBS</CMPNAME>
     <LANGU>E</LANGU>
     <DESCRIPT>Check jobs</DESCRIPT>
    </SEOCOMPOTX>
    <SEOCOMPOTX>
     <CLSNAME>ZCL_IBMC_SPEECH_TO_TEXT_V1</CLSNAME>
     <CMPNAME>CREATE_ACOUSTIC_MODEL</CMPNAME>
     <LANGU>E</LANGU>
     <DESCRIPT>Create a custom acoustic model</DESCRIPT>
    </SEOCOMPOTX>
    <SEOCOMPOTX>
     <CLSNAME>ZCL_IBMC_SPEECH_TO_TEXT_V1</CLSNAME>
     <CMPNAME>CREATE_JOB</CMPNAME>
     <LANGU>E</LANGU>
     <DESCRIPT>Create a job</DESCRIPT>
    </SEOCOMPOTX>
    <SEOCOMPOTX>
     <CLSNAME>ZCL_IBMC_SPEECH_TO_TEXT_V1</CLSNAME>
     <CMPNAME>CREATE_LANGUAGE_MODEL</CMPNAME>
     <LANGU>E</LANGU>
     <DESCRIPT>Create a custom language model</DESCRIPT>
    </SEOCOMPOTX>
    <SEOCOMPOTX>
     <CLSNAME>ZCL_IBMC_SPEECH_TO_TEXT_V1</CLSNAME>
     <CMPNAME>DELETE_ACOUSTIC_MODEL</CMPNAME>
     <LANGU>E</LANGU>
     <DESCRIPT>Delete a custom acoustic model</DESCRIPT>
    </SEOCOMPOTX>
    <SEOCOMPOTX>
     <CLSNAME>ZCL_IBMC_SPEECH_TO_TEXT_V1</CLSNAME>
     <CMPNAME>DELETE_AUDIO</CMPNAME>
     <LANGU>E</LANGU>
     <DESCRIPT>Delete an audio resource</DESCRIPT>
    </SEOCOMPOTX>
    <SEOCOMPOTX>
     <CLSNAME>ZCL_IBMC_SPEECH_TO_TEXT_V1</CLSNAME>
     <CMPNAME>DELETE_CORPUS</CMPNAME>
     <LANGU>E</LANGU>
     <DESCRIPT>Delete a corpus</DESCRIPT>
    </SEOCOMPOTX>
    <SEOCOMPOTX>
     <CLSNAME>ZCL_IBMC_SPEECH_TO_TEXT_V1</CLSNAME>
     <CMPNAME>DELETE_GRAMMAR</CMPNAME>
     <LANGU>E</LANGU>
     <DESCRIPT>Delete a grammar</DESCRIPT>
    </SEOCOMPOTX>
    <SEOCOMPOTX>
     <CLSNAME>ZCL_IBMC_SPEECH_TO_TEXT_V1</CLSNAME>
     <CMPNAME>DELETE_JOB</CMPNAME>
     <LANGU>E</LANGU>
     <DESCRIPT>Delete a job</DESCRIPT>
    </SEOCOMPOTX>
    <SEOCOMPOTX>
     <CLSNAME>ZCL_IBMC_SPEECH_TO_TEXT_V1</CLSNAME>
     <CMPNAME>DELETE_LANGUAGE_MODEL</CMPNAME>
     <LANGU>E</LANGU>
     <DESCRIPT>Delete a custom language model</DESCRIPT>
    </SEOCOMPOTX>
    <SEOCOMPOTX>
     <CLSNAME>ZCL_IBMC_SPEECH_TO_TEXT_V1</CLSNAME>
     <CMPNAME>DELETE_USER_DATA</CMPNAME>
     <LANGU>E</LANGU>
     <DESCRIPT>Delete labeled data</DESCRIPT>
    </SEOCOMPOTX>
    <SEOCOMPOTX>
     <CLSNAME>ZCL_IBMC_SPEECH_TO_TEXT_V1</CLSNAME>
     <CMPNAME>DELETE_WORD</CMPNAME>
     <LANGU>E</LANGU>
     <DESCRIPT>Delete a custom word</DESCRIPT>
    </SEOCOMPOTX>
    <SEOCOMPOTX>
     <CLSNAME>ZCL_IBMC_SPEECH_TO_TEXT_V1</CLSNAME>
     <CMPNAME>GET_ACOUSTIC_MODEL</CMPNAME>
     <LANGU>E</LANGU>
     <DESCRIPT>Get a custom acoustic model</DESCRIPT>
    </SEOCOMPOTX>
    <SEOCOMPOTX>
     <CLSNAME>ZCL_IBMC_SPEECH_TO_TEXT_V1</CLSNAME>
     <CMPNAME>GET_AUDIO</CMPNAME>
     <LANGU>E</LANGU>
     <DESCRIPT>Get an audio resource</DESCRIPT>
    </SEOCOMPOTX>
    <SEOCOMPOTX>
     <CLSNAME>ZCL_IBMC_SPEECH_TO_TEXT_V1</CLSNAME>
     <CMPNAME>GET_CORPUS</CMPNAME>
     <LANGU>E</LANGU>
     <DESCRIPT>Get a corpus</DESCRIPT>
    </SEOCOMPOTX>
    <SEOCOMPOTX>
     <CLSNAME>ZCL_IBMC_SPEECH_TO_TEXT_V1</CLSNAME>
     <CMPNAME>GET_GRAMMAR</CMPNAME>
     <LANGU>E</LANGU>
     <DESCRIPT>Get a grammar</DESCRIPT>
    </SEOCOMPOTX>
    <SEOCOMPOTX>
     <CLSNAME>ZCL_IBMC_SPEECH_TO_TEXT_V1</CLSNAME>
     <CMPNAME>GET_LANGUAGE_MODEL</CMPNAME>
     <LANGU>E</LANGU>
     <DESCRIPT>Get a custom language model</DESCRIPT>
    </SEOCOMPOTX>
    <SEOCOMPOTX>
     <CLSNAME>ZCL_IBMC_SPEECH_TO_TEXT_V1</CLSNAME>
     <CMPNAME>GET_MODEL</CMPNAME>
     <LANGU>E</LANGU>
     <DESCRIPT>Get a model</DESCRIPT>
    </SEOCOMPOTX>
    <SEOCOMPOTX>
     <CLSNAME>ZCL_IBMC_SPEECH_TO_TEXT_V1</CLSNAME>
     <CMPNAME>GET_WORD</CMPNAME>
     <LANGU>E</LANGU>
     <DESCRIPT>Get a custom word</DESCRIPT>
    </SEOCOMPOTX>
    <SEOCOMPOTX>
     <CLSNAME>ZCL_IBMC_SPEECH_TO_TEXT_V1</CLSNAME>
     <CMPNAME>LIST_ACOUSTIC_MODELS</CMPNAME>
     <LANGU>E</LANGU>
     <DESCRIPT>List custom acoustic models</DESCRIPT>
    </SEOCOMPOTX>
    <SEOCOMPOTX>
     <CLSNAME>ZCL_IBMC_SPEECH_TO_TEXT_V1</CLSNAME>
     <CMPNAME>LIST_AUDIO</CMPNAME>
     <LANGU>E</LANGU>
     <DESCRIPT>List audio resources</DESCRIPT>
    </SEOCOMPOTX>
    <SEOCOMPOTX>
     <CLSNAME>ZCL_IBMC_SPEECH_TO_TEXT_V1</CLSNAME>
     <CMPNAME>LIST_CORPORA</CMPNAME>
     <LANGU>E</LANGU>
     <DESCRIPT>List corpora</DESCRIPT>
    </SEOCOMPOTX>
    <SEOCOMPOTX>
     <CLSNAME>ZCL_IBMC_SPEECH_TO_TEXT_V1</CLSNAME>
     <CMPNAME>LIST_GRAMMARS</CMPNAME>
     <LANGU>E</LANGU>
     <DESCRIPT>List grammars</DESCRIPT>
    </SEOCOMPOTX>
    <SEOCOMPOTX>
     <CLSNAME>ZCL_IBMC_SPEECH_TO_TEXT_V1</CLSNAME>
     <CMPNAME>LIST_LANGUAGE_MODELS</CMPNAME>
     <LANGU>E</LANGU>
     <DESCRIPT>List custom language models</DESCRIPT>
    </SEOCOMPOTX>
    <SEOCOMPOTX>
     <CLSNAME>ZCL_IBMC_SPEECH_TO_TEXT_V1</CLSNAME>
     <CMPNAME>LIST_MODELS</CMPNAME>
     <LANGU>E</LANGU>
     <DESCRIPT>List models</DESCRIPT>
    </SEOCOMPOTX>
    <SEOCOMPOTX>
     <CLSNAME>ZCL_IBMC_SPEECH_TO_TEXT_V1</CLSNAME>
     <CMPNAME>LIST_WORDS</CMPNAME>
     <LANGU>E</LANGU>
     <DESCRIPT>List custom words</DESCRIPT>
    </SEOCOMPOTX>
    <SEOCOMPOTX>
     <CLSNAME>ZCL_IBMC_SPEECH_TO_TEXT_V1</CLSNAME>
     <CMPNAME>RECOGNIZE</CMPNAME>
     <LANGU>E</LANGU>
     <DESCRIPT>Recognize audio</DESCRIPT>
    </SEOCOMPOTX>
    <SEOCOMPOTX>
     <CLSNAME>ZCL_IBMC_SPEECH_TO_TEXT_V1</CLSNAME>
     <CMPNAME>REGISTER_CALLBACK</CMPNAME>
     <LANGU>E</LANGU>
     <DESCRIPT>Register a callback</DESCRIPT>
    </SEOCOMPOTX>
    <SEOCOMPOTX>
     <CLSNAME>ZCL_IBMC_SPEECH_TO_TEXT_V1</CLSNAME>
     <CMPNAME>RESET_ACOUSTIC_MODEL</CMPNAME>
     <LANGU>E</LANGU>
     <DESCRIPT>Reset a custom acoustic model</DESCRIPT>
    </SEOCOMPOTX>
    <SEOCOMPOTX>
     <CLSNAME>ZCL_IBMC_SPEECH_TO_TEXT_V1</CLSNAME>
     <CMPNAME>RESET_LANGUAGE_MODEL</CMPNAME>
     <LANGU>E</LANGU>
     <DESCRIPT>Reset a custom language model</DESCRIPT>
    </SEOCOMPOTX>
    <SEOCOMPOTX>
     <CLSNAME>ZCL_IBMC_SPEECH_TO_TEXT_V1</CLSNAME>
     <CMPNAME>TRAIN_ACOUSTIC_MODEL</CMPNAME>
     <LANGU>E</LANGU>
     <DESCRIPT>Train a custom acoustic model</DESCRIPT>
    </SEOCOMPOTX>
    <SEOCOMPOTX>
     <CLSNAME>ZCL_IBMC_SPEECH_TO_TEXT_V1</CLSNAME>
     <CMPNAME>TRAIN_LANGUAGE_MODEL</CMPNAME>
     <LANGU>E</LANGU>
     <DESCRIPT>Train a custom language model</DESCRIPT>
    </SEOCOMPOTX>
    <SEOCOMPOTX>
     <CLSNAME>ZCL_IBMC_SPEECH_TO_TEXT_V1</CLSNAME>
     <CMPNAME>UNREGISTER_CALLBACK</CMPNAME>
     <LANGU>E</LANGU>
     <DESCRIPT>Unregister a callback</DESCRIPT>
    </SEOCOMPOTX>
    <SEOCOMPOTX>
     <CLSNAME>ZCL_IBMC_SPEECH_TO_TEXT_V1</CLSNAME>
     <CMPNAME>UPGRADE_ACOUSTIC_MODEL</CMPNAME>
     <LANGU>E</LANGU>
     <DESCRIPT>Upgrade a custom acoustic model</DESCRIPT>
    </SEOCOMPOTX>
    <SEOCOMPOTX>
     <CLSNAME>ZCL_IBMC_SPEECH_TO_TEXT_V1</CLSNAME>
     <CMPNAME>UPGRADE_LANGUAGE_MODEL</CMPNAME>
     <LANGU>E</LANGU>
     <DESCRIPT>Upgrade a custom language model</DESCRIPT>
    </SEOCOMPOTX>
   </DESCRIPTIONS>
  </asx:values>
 </asx:abap>
</abapGit>
