﻿<?xml version="1.0" encoding="utf-8"?>
<abapGit version="v1.0.0" serializer="LCL_OBJECT_MSAG" serializer_version="v1.0.0">
 <asx:abap xmlns:asx="http://www.sap.com/abapxml" version="1.0">
  <asx:values>
   <T100A>
    <ARBGB>ZIBMC</ARBGB>
    <MASTERLANG>E</MASTERLANG>
   </T100A>
   <T100>
    <T100>
     <SPRSL>E</SPRSL>
     <ARBGB>ZIBMC</ARBGB>
     <MSGNR>000</MSGNR>
     <TEXT>&amp;1</TEXT>
    </T100>
    <T100>
     <SPRSL>E</SPRSL>
     <ARBGB>ZIBMC</ARBGB>
     <MSGNR>001</MSGNR>
     <TEXT>&amp;1: return code &amp;2</TEXT>
    </T100>
    <T100>
     <SPRSL>E</SPRSL>
     <ARBGB>ZIBMC</ARBGB>
     <MSGNR>002</MSGNR>
     <TEXT>An exception has occurred, reason code &amp;1.</TEXT>
    </T100>
    <T100>
     <SPRSL>E</SPRSL>
     <ARBGB>ZIBMC</ARBGB>
     <MSGNR>003</MSGNR>
     <TEXT>HTTP Status: &amp;1 (&amp;2)</TEXT>
    </T100>
    <T100>
     <SPRSL>E</SPRSL>
     <ARBGB>ZIBMC</ARBGB>
     <MSGNR>004</MSGNR>
     <TEXT>Malformated url: &amp;1</TEXT>
    </T100>
    <T100>
     <SPRSL>E</SPRSL>
     <ARBGB>ZIBMC</ARBGB>
     <MSGNR>005</MSGNR>
     <TEXT>HTTP &amp;1 request failed: &amp;2</TEXT>
    </T100>
    <T100>
     <SPRSL>E</SPRSL>
     <ARBGB>ZIBMC</ARBGB>
     <MSGNR>006</MSGNR>
     <TEXT>HTTP client cannot be created, return code &amp;1.</TEXT>
    </T100>
    <T100>
     <SPRSL>E</SPRSL>
     <ARBGB>ZIBMC</ARBGB>
     <MSGNR>007</MSGNR>
     <TEXT>Parameter &amp;1 not set</TEXT>
    </T100>
    <T100>
     <SPRSL>E</SPRSL>
     <ARBGB>ZIBMC</ARBGB>
     <MSGNR>008</MSGNR>
     <TEXT>Either parameter &amp;1 or parameter &amp;2 must be specified.</TEXT>
    </T100>
    <T100>
     <SPRSL>E</SPRSL>
     <ARBGB>ZIBMC</ARBGB>
     <MSGNR>020</MSGNR>
     <TEXT>Cannot parse JSON string, see short dump.</TEXT>
    </T100>
    <T100>
     <SPRSL>E</SPRSL>
     <ARBGB>ZIBMC</ARBGB>
     <MSGNR>030</MSGNR>
     <TEXT>Decoding of base64 string failed.</TEXT>
    </T100>
    <T100>
     <SPRSL>E</SPRSL>
     <ARBGB>ZIBMC</ARBGB>
     <MSGNR>040</MSGNR>
     <TEXT>&amp;1</TEXT>
    </T100>
    <T100>
     <SPRSL>E</SPRSL>
     <ARBGB>ZIBMC</ARBGB>
     <MSGNR>050</MSGNR>
     <TEXT>Missing field &amp;1 in input structure.</TEXT>
    </T100>
    <T100>
     <SPRSL>E</SPRSL>
     <ARBGB>ZIBMC</ARBGB>
     <MSGNR>051</MSGNR>
     <TEXT>Input image is missing or ambiguous.</TEXT>
    </T100>
    <T100>
     <SPRSL>E</SPRSL>
     <ARBGB>ZIBMC</ARBGB>
     <MSGNR>052</MSGNR>
     <TEXT>base64 decoding of image &amp;1 failed with return code &amp;2.</TEXT>
    </T100>
    <T100>
     <SPRSL>E</SPRSL>
     <ARBGB>ZIBMC</ARBGB>
     <MSGNR>053</MSGNR>
     <TEXT>Classifier &amp;1 has status &amp;2. Operation terminated.</TEXT>
    </T100>
    <T100>
     <SPRSL>E</SPRSL>
     <ARBGB>ZIBMC</ARBGB>
     <MSGNR>054</MSGNR>
     <TEXT>Field &amp;1 is missing or has incompatible type.</TEXT>
    </T100>
    <T100>
     <SPRSL>E</SPRSL>
     <ARBGB>ZIBMC</ARBGB>
     <MSGNR>055</MSGNR>
     <TEXT>Input structure meta data is not available.</TEXT>
    </T100>
    <T100>
     <SPRSL>E</SPRSL>
     <ARBGB>ZIBMC</ARBGB>
     <MSGNR>056</MSGNR>
     <TEXT>Cannot add image to ZIP file without filename.</TEXT>
    </T100>
   </T100>
   <LONGTEXTS>
    <item>
     <DOKIL>
      <ID>NA</ID>
      <OBJECT>ZIBMC003</OBJECT>
      <LANGU>E</LANGU>
      <TYP>E</TYP>
      <VERSION>0018</VERSION>
      <MASTERLANG>X</MASTERLANG>
      <TXTLINES>00005</TXTLINES>
     </DOKIL>
     <HEAD>
      <TDOBJECT>DOKU</TDOBJECT>
      <TDNAME>ZIBMC003</TDNAME>
      <TDID>NA</TDID>
      <TDSPRAS>E</TDSPRAS>
      <TDFORM>S_DOCU_SHOW</TDFORM>
      <TDSTYLE>S_DOCUS1</TDSTYLE>
      <TDVERSION>00018</TDVERSION>
      <TDLINESIZE>072</TDLINESIZE>
     </HEAD>
     <LINES>
      <TLINE>
       <TDFORMAT>AS</TDFORMAT>
       <TDLINE>The HTTP Request received status &quot;&amp;V1&amp;&quot;: &quot;&amp;V2&amp;&quot;</TDLINE>
      </TLINE>
      <TLINE>
       <TDFORMAT>U1</TDFORMAT>
       <TDLINE>&amp;SYSTEM_RESPONSE&amp;</TDLINE>
      </TLINE>
      <TLINE>
       <TDFORMAT>AS</TDFORMAT>
       <TDLINE>Access point: &amp;V3&amp;</TDLINE>
      </TLINE>
      <TLINE>
       <TDFORMAT>AS</TDFORMAT>
       <TDLINE>Detailed Information reported by the service:</TDLINE>
      </TLINE>
      <TLINE>
       <TDFORMAT>AS</TDFORMAT>
       <TDLINE>&amp;V4&amp;</TDLINE>
      </TLINE>
      <TLINE>
       <TDFORMAT>U1</TDFORMAT>
       <TDLINE>&amp;WHAT_TO_DO&amp;</TDLINE>
      </TLINE>
      <TLINE>
       <TDFORMAT>AS</TDFORMAT>
       <TDLINE>,,Correct the error and restart the process.</TDLINE>
      </TLINE>
     </LINES>
    </item>
    <item>
     <DOKIL>
      <ID>NA</ID>
      <OBJECT>ZIBMC004</OBJECT>
      <LANGU>E</LANGU>
      <TYP>E</TYP>
      <VERSION>0002</VERSION>
      <MASTERLANG>X</MASTERLANG>
      <TXTLINES>00004</TXTLINES>
     </DOKIL>
     <HEAD>
      <TDOBJECT>DOKU</TDOBJECT>
      <TDNAME>ZIBMC004</TDNAME>
      <TDID>NA</TDID>
      <TDSPRAS>E</TDSPRAS>
      <TDFORM>S_DOCU_SHOW</TDFORM>
      <TDSTYLE>S_DOCUS1</TDSTYLE>
      <TDVERSION>00002</TDVERSION>
      <TDLINESIZE>072</TDLINESIZE>
     </HEAD>
     <LINES>
      <TLINE>
       <TDFORMAT>U1</TDFORMAT>
       <TDLINE>&amp;CAUSE&amp;</TDLINE>
      </TLINE>
      <TLINE>
       <TDFORMAT>AS</TDFORMAT>
       <TDLINE>The format of URL &quot;&amp;V1&amp;&quot; is not correct.</TDLINE>
      </TLINE>
      <TLINE>
       <TDFORMAT>U1</TDFORMAT>
       <TDLINE>&amp;SYSTEM_RESPONSE&amp;</TDLINE>
      </TLINE>
      <TLINE>
       <TDFORMAT>AS</TDFORMAT>
       <TDLINE>The request has been terminated.</TDLINE>
      </TLINE>
      <TLINE>
       <TDFORMAT>U1</TDFORMAT>
       <TDLINE>&amp;WHAT_TO_DO&amp;</TDLINE>
      </TLINE>
      <TLINE>
       <TDFORMAT>AS</TDFORMAT>
       <TDLINE>Correct the URL. Format of the URL must comply with schema http(s)://</TDLINE>
      </TLINE>
      <TLINE>
       <TDFORMAT>=</TDFORMAT>
       <TDLINE>&lt;host&gt;/&lt;api path&gt;</TDLINE>
      </TLINE>
      <TLINE>
       <TDFORMAT>U1</TDFORMAT>
       <TDLINE>&amp;SYS_ADMIN&amp;</TDLINE>
      </TLINE>
      <TLINE>
       <TDFORMAT>AS</TDFORMAT>
      </TLINE>
     </LINES>
    </item>
    <item>
     <DOKIL>
      <ID>NA</ID>
      <OBJECT>ZIBMC040</OBJECT>
      <LANGU>E</LANGU>
      <TYP>E</TYP>
      <VERSION>0004</VERSION>
      <MASTERLANG>X</MASTERLANG>
      <TXTLINES>00004</TXTLINES>
     </DOKIL>
     <HEAD>
      <TDOBJECT>DOKU</TDOBJECT>
      <TDNAME>ZIBMC040</TDNAME>
      <TDID>NA</TDID>
      <TDSPRAS>E</TDSPRAS>
      <TDFORM>S_DOCU_SHOW</TDFORM>
      <TDSTYLE>S_DOCUS1</TDSTYLE>
      <TDVERSION>00004</TDVERSION>
      <TDLINESIZE>072</TDLINESIZE>
     </HEAD>
     <LINES>
      <TLINE>
       <TDFORMAT>U1</TDFORMAT>
       <TDLINE>&amp;CAUSE&amp;</TDLINE>
      </TLINE>
      <TLINE>
       <TDFORMAT>AS</TDFORMAT>
       <TDLINE>Error</TDLINE>
      </TLINE>
      <TLINE>
       <TDFORMAT>U1</TDFORMAT>
       <TDLINE>&amp;SYSTEM_RESPONSE&amp;</TDLINE>
      </TLINE>
      <TLINE>
       <TDFORMAT>AS</TDFORMAT>
       <TDLINE>JSON comes here.</TDLINE>
      </TLINE>
      <TLINE>
       <TDFORMAT>AS</TDFORMAT>
       <TDLINE>&lt;(&gt;&amp;&lt;)&gt;1</TDLINE>
      </TLINE>
      <TLINE>
       <TDFORMAT>AS</TDFORMAT>
       <TDLINE>&amp;V1&amp;</TDLINE>
      </TLINE>
      <TLINE>
       <TDFORMAT>U1</TDFORMAT>
       <TDLINE>&amp;WHAT_TO_DO&amp;</TDLINE>
      </TLINE>
      <TLINE>
       <TDFORMAT>AS</TDFORMAT>
      </TLINE>
      <TLINE>
       <TDFORMAT>U1</TDFORMAT>
       <TDLINE>&amp;SYS_ADMIN&amp;</TDLINE>
      </TLINE>
      <TLINE>
       <TDFORMAT>AS</TDFORMAT>
      </TLINE>
     </LINES>
    </item>
    <item>
     <DOKIL>
      <ID>NA</ID>
      <OBJECT>ZIBMC050</OBJECT>
      <LANGU>E</LANGU>
      <TYP>E</TYP>
      <VERSION>0003</VERSION>
      <MASTERLANG>X</MASTERLANG>
      <TXTLINES>00004</TXTLINES>
     </DOKIL>
     <HEAD>
      <TDOBJECT>DOKU</TDOBJECT>
      <TDNAME>ZIBMC050</TDNAME>
      <TDID>NA</TDID>
      <TDSPRAS>E</TDSPRAS>
      <TDFORM>S_DOCU_SHOW</TDFORM>
      <TDSTYLE>S_DOCUS1</TDSTYLE>
      <TDVERSION>00003</TDVERSION>
      <TDLINESIZE>072</TDLINESIZE>
     </HEAD>
     <LINES>
      <TLINE>
       <TDFORMAT>U1</TDFORMAT>
       <TDLINE>&amp;CAUSE&amp;</TDLINE>
      </TLINE>
      <TLINE>
       <TDFORMAT>AS</TDFORMAT>
       <TDLINE>The Watson Machine Learning scoring endpoint requires input field &amp;V1&amp;</TDLINE>
      </TLINE>
      <TLINE>
       <TDLINE>which is not present in the input structure.</TDLINE>
      </TLINE>
      <TLINE>
       <TDFORMAT>U1</TDFORMAT>
       <TDLINE>&amp;SYSTEM_RESPONSE&amp;</TDLINE>
      </TLINE>
      <TLINE>
       <TDFORMAT>AS</TDFORMAT>
       <TDLINE>Watson Machine Learning refuses the scoring request.</TDLINE>
      </TLINE>
      <TLINE>
       <TDFORMAT>U1</TDFORMAT>
       <TDLINE>&amp;WHAT_TO_DO&amp;</TDLINE>
      </TLINE>
      <TLINE>
       <TDFORMAT>AS</TDFORMAT>
       <TDLINE>Add field &amp;V1&amp; to the input structure.</TDLINE>
      </TLINE>
      <TLINE>
       <TDFORMAT>U1</TDFORMAT>
       <TDLINE>&amp;SYS_ADMIN&amp;</TDLINE>
      </TLINE>
      <TLINE>
       <TDFORMAT>AS</TDFORMAT>
      </TLINE>
     </LINES>
    </item>
    <item>
     <DOKIL>
      <ID>NA</ID>
      <OBJECT>ZIBMC051</OBJECT>
      <LANGU>E</LANGU>
      <TYP>E</TYP>
      <VERSION>0001</VERSION>
      <MASTERLANG>X</MASTERLANG>
      <TXTLINES>00005</TXTLINES>
     </DOKIL>
     <HEAD>
      <TDOBJECT>DOKU</TDOBJECT>
      <TDNAME>ZIBMC051</TDNAME>
      <TDID>NA</TDID>
      <TDSPRAS>E</TDSPRAS>
      <TDFORM>S_DOCU_SHOW</TDFORM>
      <TDSTYLE>S_DOCUS1</TDSTYLE>
      <TDVERSION>00001</TDVERSION>
      <TDLINESIZE>072</TDLINESIZE>
     </HEAD>
     <LINES>
      <TLINE>
       <TDFORMAT>U1</TDFORMAT>
       <TDLINE>&amp;CAUSE&amp;</TDLINE>
      </TLINE>
      <TLINE>
       <TDFORMAT>AS</TDFORMAT>
       <TDLINE>The image to be classified is not specified or its specification is</TDLINE>
      </TLINE>
      <TLINE>
       <TDLINE>ambiguous.</TDLINE>
      </TLINE>
      <TLINE>
       <TDFORMAT>U1</TDFORMAT>
       <TDLINE>&amp;SYSTEM_RESPONSE&amp;</TDLINE>
      </TLINE>
      <TLINE>
       <TDFORMAT>AS</TDFORMAT>
       <TDLINE>The image is not being classified.</TDLINE>
      </TLINE>
      <TLINE>
       <TDFORMAT>U1</TDFORMAT>
       <TDLINE>&amp;WHAT_TO_DO&amp;</TDLINE>
      </TLINE>
      <TLINE>
       <TDFORMAT>AS</TDFORMAT>
       <TDLINE>Specify the image either as binary data (type XSTRING) or as base64</TDLINE>
      </TLINE>
      <TLINE>
       <TDLINE>encoded character data (type STRING), but not both.</TDLINE>
      </TLINE>
      <TLINE>
       <TDFORMAT>U1</TDFORMAT>
       <TDLINE>&amp;SYS_ADMIN&amp;</TDLINE>
      </TLINE>
      <TLINE>
       <TDFORMAT>AS</TDFORMAT>
      </TLINE>
     </LINES>
    </item>
   </LONGTEXTS>
  </asx:values>
 </asx:abap>
</abapGit>
